dataset_id	version	split	modality	shard	exact_bytes	size_source	duplicate_of	access	state	evidence_url
OpenScene	v1.1	mini	metadata	openscene-v1.1/openscene_metadata_mini.tgz	534344190	HF tree API size @ a76f840b65e972bc45e56c2adced897498e9a026	nuPlan lineage, archive SHA unverified	public	compressed object or JSON	https://huggingface.co/datasets/OpenDriveLab/OpenScene/blob/a76f840b65e972bc45e56c2adced897498e9a026/openscene-v1.1/openscene_metadata_mini.tgz
OpenScene	v1.1	private_test	metadata	openscene-v1.1/openscene_metadata_private_test_e2e.tgz	4157677	HF tree API size @ a76f840b65e972bc45e56c2adced897498e9a026	nuPlan lineage, archive SHA unverified	public	compressed object or JSON	https://huggingface.co/datasets/OpenDriveLab/OpenScene/blob/a76f840b65e972bc45e56c2adced897498e9a026/openscene-v1.1/openscene_metadata_private_test_e2e.tgz
OpenScene	v1.1	private_test	metadata	openscene-v1.1/openscene_metadata_private_test_hard.tar.gz	179080	HF tree API size @ a76f840b65e972bc45e56c2adced897498e9a026	nuPlan lineage, archive SHA unverified	public	compressed object or JSON	https://huggingface.co/datasets/OpenDriveLab/OpenScene/blob/a76f840b65e972bc45e56c2adced897498e9a026/openscene-v1.1/openscene_metadata_private_test_hard.tar.gz
OpenScene	v1.1	private_test	metadata	openscene-v1.1/openscene_metadata_private_test_wm.tgz	7316160	HF tree API size @ a76f840b65e972bc45e56c2adced897498e9a026	nuPlan lineage, archive SHA unverified	public	compressed object or JSON	https://huggingface.co/datasets/OpenDriveLab/OpenScene/blob/a76f840b65e972bc45e56c2adced897498e9a026/openscene-v1.1/openscene_metadata_private_test_wm.tgz
OpenScene	v1.1	test	metadata	openscene-v1.1/openscene_metadata_test.tgz	476034809	HF tree API size @ a76f840b65e972bc45e56c2adced897498e9a026	nuPlan lineage, archive SHA unverified	public	compressed object or JSON	https://huggingface.co/datasets/OpenDriveLab/OpenScene/blob/a76f840b65e972bc45e56c2adced897498e9a026/openscene-v1.1/openscene_metadata_test.tgz
OpenScene	v1.1	trainval	metadata	openscene-v1.1/openscene_metadata_trainval.tgz	7052210642	HF tree API size @ a76f840b65e972bc45e56c2adced897498e9a026	nuPlan lineage, archive SHA unverified	public	compressed object or JSON	https://huggingface.co/datasets/OpenDriveLab/OpenScene/blob/a76f840b65e972bc45e56c2adced897498e9a026/openscene-v1.1/openscene_metadata_trainval.tgz
OpenScene	v1.1	mini	shard-list	openscene-v1.1/openscene_sensor_mini_0-31.json	4088	HF tree API size @ a76f840b65e972bc45e56c2adced897498e9a026	nuPlan lineage, archive SHA unverified	public	compressed object or JSON	https://huggingface.co/datasets/OpenDriveLab/OpenScene/blob/a76f840b65e972bc45e56c2adced897498e9a026/openscene-v1.1/openscene_sensor_mini_0-31.json
OpenScene	v1.1	mini	camera	openscene-v1.1/openscene_sensor_mini_camera/openscene_sensor_mini_camera_0.tgz	3504835272	HF tree API size @ a76f840b65e972bc45e56c2adced897498e9a026	nuPlan lineage, archive SHA unverified	public	compressed object or JSON	https://huggingface.co/datasets/OpenDriveLab/OpenScene/blob/a76f840b65e972bc45e56c2adced897498e9a026/openscene-v1.1/openscene_sensor_mini_camera/openscene_sensor_mini_camera_0.tgz
OpenScene	v1.1	mini	camera	openscene-v1.1/openscene_sensor_mini_camera/openscene_sensor_mini_camera_1.tgz	2643534070	HF tree API size @ a76f840b65e972bc45e56c2adced897498e9a026	nuPlan lineage, archive SHA unverified	public	compressed object or JSON	https://huggingface.co/datasets/OpenDriveLab/OpenScene/blob/a76f840b65e972bc45e56c2adced897498e9a026/openscene-v1.1/openscene_sensor_mini_camera/openscene_sensor_mini_camera_1.tgz
OpenScene	v1.1	mini	camera	openscene-v1.1/openscene_sensor_mini_camera/openscene_sensor_mini_camera_10.tgz	2855653184	HF tree API size @ a76f840b65e972bc45e56c2adced897498e9a026	nuPlan lineage, archive SHA unverified	public	compressed object or JSON	https://huggingface.co/datasets/OpenDriveLab/OpenScene/blob/a76f840b65e972bc45e56c2adced897498e9a026/openscene-v1.1/openscene_sensor_mini_camera/openscene_sensor_mini_camera_10.tgz
OpenScene	v1.1	mini	camera	openscene-v1.1/openscene_sensor_mini_camera/openscene_sensor_mini_camera_11.tgz	2702053511	HF tree API size @ a76f840b65e972bc45e56c2adced897498e9a026	nuPlan lineage, archive SHA unverified	public	compressed object or JSON	https://huggingface.co/datasets/OpenDriveLab/OpenScene/blob/a76f840b65e972bc45e56c2adced897498e9a026/openscene-v1.1/openscene_sensor_mini_camera/openscene_sensor_mini_camera_11.tgz
OpenScene	v1.1	mini	camera	openscene-v1.1/openscene_sensor_mini_camera/openscene_sensor_mini_camera_12.tgz	2781004086	HF tree API size @ a76f840b65e972bc45e56c2adced897498e9a026	nuPlan lineage, archive SHA unverified	public	compressed object or JSON	https://huggingface.co/datasets/OpenDriveLab/OpenScene/blob/a76f840b65e972bc45e56c2adced897498e9a026/openscene-v1.1/openscene_sensor_mini_camera/openscene_sensor_mini_camera_12.tgz
OpenScene	v1.1	mini	camera	openscene-v1.1/openscene_sensor_mini_camera/openscene_sensor_mini_camera_13.tgz	2983801845	HF tree API size @ a76f840b65e972bc45e56c2adced897498e9a026	nuPlan lineage, archive SHA unverified	public	compressed object or JSON	https://huggingface.co/datasets/OpenDriveLab/OpenScene/blob/a76f840b65e972bc45e56c2adced897498e9a026/openscene-v1.1/openscene_sensor_mini_camera/openscene_sensor_mini_camera_13.tgz
OpenScene	v1.1	mini	camera	openscene-v1.1/openscene_sensor_mini_camera/openscene_sensor_mini_camera_14.tgz	3178353684	HF tree API size @ a76f840b65e972bc45e56c2adced897498e9a026	nuPlan lineage, archive SHA unverified	public	compressed object or JSON	https://huggingface.co/datasets/OpenDriveLab/OpenScene/blob/a76f840b65e972bc45e56c2adced897498e9a026/openscene-v1.1/openscene_sensor_mini_camera/openscene_sensor_mini_camera_14.tgz
OpenScene	v1.1	mini	camera	openscene-v1.1/openscene_sensor_mini_camera/openscene_sensor_mini_camera_15.tgz	2520164386	HF tree API size @ a76f840b65e972bc45e56c2adced897498e9a026	nuPlan lineage, archive SHA unverified	public	compressed object or JSON	https://huggingface.co/datasets/OpenDriveLab/OpenScene/blob/a76f840b65e972bc45e56c2adced897498e9a026/openscene-v1.1/openscene_sensor_mini_camera/openscene_sensor_mini_camera_15.tgz
OpenScene	v1.1	mini	camera	openscene-v1.1/openscene_sensor_mini_camera/openscene_sensor_mini_camera_16.tgz	2903678609	HF tree API size @ a76f840b65e972bc45e56c2adced897498e9a026	nuPlan lineage, archive SHA unverified	public	compressed object or JSON	https://huggingface.co/datasets/OpenDriveLab/OpenScene/blob/a76f840b65e972bc45e56c2adced897498e9a026/openscene-v1.1/openscene_sensor_mini_camera/openscene_sensor_mini_camera_16.tgz
OpenScene	v1.1	mini	camera	openscene-v1.1/openscene_sensor_mini_camera/openscene_sensor_mini_camera_17.tgz	3033168458	HF tree API size @ a76f840b65e972bc45e56c2adced897498e9a026	nuPlan lineage, archive SHA unverified	public	compressed object or JSON	https://huggingface.co/datasets/OpenDriveLab/OpenScene/blob/a76f840b65e972bc45e56c2adced897498e9a026/openscene-v1.1/openscene_sensor_mini_camera/openscene_sensor_mini_camera_17.tgz
OpenScene	v1.1	mini	camera	openscene-v1.1/openscene_sensor_mini_camera/openscene_sensor_mini_camera_18.tgz	3001336242	HF tree API size @ a76f840b65e972bc45e56c2adced897498e9a026	nuPlan lineage, archive SHA unverified	public	compressed object or JSON	https://huggingface.co/datasets/OpenDriveLab/OpenScene/blob/a76f840b65e972bc45e56c2adced897498e9a026/openscene-v1.1/openscene_sensor_mini_camera/openscene_sensor_mini_camera_18.tgz
OpenScene	v1.1	mini	camera	openscene-v1.1/openscene_sensor_mini_camera/openscene_sensor_mini_camera_19.tgz	2311055828	HF tree API size @ a76f840b65e972bc45e56c2adced897498e9a026	nuPlan lineage, archive SHA unverified	public	compressed object or JSON	https://huggingface.co/datasets/OpenDriveLab/OpenScene/blob/a76f840b65e972bc45e56c2adced897498e9a026/openscene-v1.1/openscene_sensor_mini_camera/openscene_sensor_mini_camera_19.tgz
OpenScene	v1.1	mini	camera	openscene-v1.1/openscene_sensor_mini_camera/openscene_sensor_mini_camera_2.tgz	3323562850	HF tree API size @ a76f840b65e972bc45e56c2adced897498e9a026	nuPlan lineage, archive SHA unverified	public	compressed object or JSON	https://huggingface.co/datasets/OpenDriveLab/OpenScene/blob/a76f840b65e972bc45e56c2adced897498e9a026/openscene-v1.1/openscene_sensor_mini_camera/openscene_sensor_mini_camera_2.tgz
OpenScene	v1.1	mini	camera	openscene-v1.1/openscene_sensor_mini_camera/openscene_sensor_mini_camera_20.tgz	2544294103	HF tree API size @ a76f840b65e972bc45e56c2adced897498e9a026	nuPlan lineage, archive SHA unverified	public	compressed object or JSON	https://huggingface.co/datasets/OpenDriveLab/OpenScene/blob/a76f840b65e972bc45e56c2adced897498e9a026/openscene-v1.1/openscene_sensor_mini_camera/openscene_sensor_mini_camera_20.tgz
OpenScene	v1.1	mini	camera	openscene-v1.1/openscene_sensor_mini_camera/openscene_sensor_mini_camera_21.tgz	2113687984	HF tree API size @ a76f840b65e972bc45e56c2adced897498e9a026	nuPlan lineage, archive SHA unverified	public	compressed object or JSON	https://huggingface.co/datasets/OpenDriveLab/OpenScene/blob/a76f840b65e972bc45e56c2adced897498e9a026/openscene-v1.1/openscene_sensor_mini_camera/openscene_sensor_mini_camera_21.tgz
OpenScene	v1.1	mini	camera	openscene-v1.1/openscene_sensor_mini_camera/openscene_sensor_mini_camera_22.tgz	2448220431	HF tree API size @ a76f840b65e972bc45e56c2adced897498e9a026	nuPlan lineage, archive SHA unverified	public	compressed object or JSON	https://huggingface.co/datasets/OpenDriveLab/OpenScene/blob/a76f840b65e972bc45e56c2adced897498e9a026/openscene-v1.1/openscene_sensor_mini_camera/openscene_sensor_mini_camera_22.tgz
OpenScene	v1.1	mini	camera	openscene-v1.1/openscene_sensor_mini_camera/openscene_sensor_mini_camera_23.tgz	2548375165	HF tree API size @ a76f840b65e972bc45e56c2adced897498e9a026	nuPlan lineage, archive SHA unverified	public	compressed object or JSON	https://huggingface.co/datasets/OpenDriveLab/OpenScene/blob/a76f840b65e972bc45e56c2adced897498e9a026/openscene-v1.1/openscene_sensor_mini_camera/openscene_sensor_mini_camera_23.tgz
OpenScene	v1.1	mini	camera	openscene-v1.1/openscene_sensor_mini_camera/openscene_sensor_mini_camera_24.tgz	2948986828	HF tree API size @ a76f840b65e972bc45e56c2adced897498e9a026	nuPlan lineage, archive SHA unverified	public	compressed object or JSON	https://huggingface.co/datasets/OpenDriveLab/OpenScene/blob/a76f840b65e972bc45e56c2adced897498e9a026/openscene-v1.1/openscene_sensor_mini_camera/openscene_sensor_mini_camera_24.tgz
OpenScene	v1.1	mini	camera	openscene-v1.1/openscene_sensor_mini_camera/openscene_sensor_mini_camera_25.tgz	3410003332	HF tree API size @ a76f840b65e972bc45e56c2adced897498e9a026	nuPlan lineage, archive SHA unverified	public	compressed object or JSON	https://huggingface.co/datasets/OpenDriveLab/OpenScene/blob/a76f840b65e972bc45e56c2adced897498e9a026/openscene-v1.1/openscene_sensor_mini_camera/openscene_sensor_mini_camera_25.tgz
OpenScene	v1.1	mini	camera	openscene-v1.1/openscene_sensor_mini_camera/openscene_sensor_mini_camera_26.tgz	2915941730	HF tree API size @ a76f840b65e972bc45e56c2adced897498e9a026	nuPlan lineage, archive SHA unverified	public	compressed object or JSON	https://huggingface.co/datasets/OpenDriveLab/OpenScene/blob/a76f840b65e972bc45e56c2adced897498e9a026/openscene-v1.1/openscene_sensor_mini_camera/openscene_sensor_mini_camera_26.tgz
OpenScene	v1.1	mini	camera	openscene-v1.1/openscene_sensor_mini_camera/openscene_sensor_mini_camera_27.tgz	3691547158	HF tree API size @ a76f840b65e972bc45e56c2adced897498e9a026	nuPlan lineage, archive SHA unverified	public	compressed object or JSON	https://huggingface.co/datasets/OpenDriveLab/OpenScene/blob/a76f840b65e972bc45e56c2adced897498e9a026/openscene-v1.1/openscene_sensor_mini_camera/openscene_sensor_mini_camera_27.tgz
OpenScene	v1.1	mini	camera	openscene-v1.1/openscene_sensor_mini_camera/openscene_sensor_mini_camera_28.tgz	2542641523	HF tree API size @ a76f840b65e972bc45e56c2adced897498e9a026	nuPlan lineage, archive SHA unverified	public	compressed object or JSON	https://huggingface.co/datasets/OpenDriveLab/OpenScene/blob/a76f840b65e972bc45e56c2adced897498e9a026/openscene-v1.1/openscene_sensor_mini_camera/openscene_sensor_mini_camera_28.tgz
OpenScene	v1.1	mini	camera	openscene-v1.1/openscene_sensor_mini_camera/openscene_sensor_mini_camera_29.tgz	3475123231	HF tree API size @ a76f840b65e972bc45e56c2adced897498e9a026	nuPlan lineage, archive SHA unverified	public	compressed object or JSON	https://huggingface.co/datasets/OpenDriveLab/OpenScene/blob/a76f840b65e972bc45e56c2adced897498e9a026/openscene-v1.1/openscene_sensor_mini_camera/openscene_sensor_mini_camera_29.tgz
OpenScene	v1.1	mini	camera	openscene-v1.1/openscene_sensor_mini_camera/openscene_sensor_mini_camera_3.tgz	2624360996	HF tree API size @ a76f840b65e972bc45e56c2adced897498e9a026	nuPlan lineage, archive SHA unverified	public	compressed object or JSON	https://huggingface.co/datasets/OpenDriveLab/OpenScene/blob/a76f840b65e972bc45e56c2adced897498e9a026/openscene-v1.1/openscene_sensor_mini_camera/openscene_sensor_mini_camera_3.tgz
OpenScene	v1.1	mini	camera	openscene-v1.1/openscene_sensor_mini_camera/openscene_sensor_mini_camera_30.tgz	3096694784	HF tree API size @ a76f840b65e972bc45e56c2adced897498e9a026	nuPlan lineage, archive SHA unverified	public	compressed object or JSON	https://huggingface.co/datasets/OpenDriveLab/OpenScene/blob/a76f840b65e972bc45e56c2adced897498e9a026/openscene-v1.1/openscene_sensor_mini_camera/openscene_sensor_mini_camera_30.tgz
OpenScene	v1.1	mini	camera	openscene-v1.1/openscene_sensor_mini_camera/openscene_sensor_mini_camera_31.tgz	2985688931	HF tree API size @ a76f840b65e972bc45e56c2adced897498e9a026	nuPlan lineage, archive SHA unverified	public	compressed object or JSON	https://huggingface.co/datasets/OpenDriveLab/OpenScene/blob/a76f840b65e972bc45e56c2adced897498e9a026/openscene-v1.1/openscene_sensor_mini_camera/openscene_sensor_mini_camera_31.tgz
OpenScene	v1.1	mini	camera	openscene-v1.1/openscene_sensor_mini_camera/openscene_sensor_mini_camera_4.tgz	2101966809	HF tree API size @ a76f840b65e972bc45e56c2adced897498e9a026	nuPlan lineage, archive SHA unverified	public	compressed object or JSON	https://huggingface.co/datasets/OpenDriveLab/OpenScene/blob/a76f840b65e972bc45e56c2adced897498e9a026/openscene-v1.1/openscene_sensor_mini_camera/openscene_sensor_mini_camera_4.tgz
OpenScene	v1.1	mini	camera	openscene-v1.1/openscene_sensor_mini_camera/openscene_sensor_mini_camera_5.tgz	1767757511	HF tree API size @ a76f840b65e972bc45e56c2adced897498e9a026	nuPlan lineage, archive SHA unverified	public	compressed object or JSON	https://huggingface.co/datasets/OpenDriveLab/OpenScene/blob/a76f840b65e972bc45e56c2adced897498e9a026/openscene-v1.1/openscene_sensor_mini_camera/openscene_sensor_mini_camera_5.tgz
OpenScene	v1.1	mini	camera	openscene-v1.1/openscene_sensor_mini_camera/openscene_sensor_mini_camera_6.tgz	1928421301	HF tree API size @ a76f840b65e972bc45e56c2adced897498e9a026	nuPlan lineage, archive SHA unverified	public	compressed object or JSON	https://huggingface.co/datasets/OpenDriveLab/OpenScene/blob/a76f840b65e972bc45e56c2adced897498e9a026/openscene-v1.1/openscene_sensor_mini_camera/openscene_sensor_mini_camera_6.tgz
OpenScene	v1.1	mini	camera	openscene-v1.1/openscene_sensor_mini_camera/openscene_sensor_mini_camera_7.tgz	3488226528	HF tree API size @ a76f840b65e972bc45e56c2adced897498e9a026	nuPlan lineage, archive SHA unverified	public	compressed object or JSON	https://huggingface.co/datasets/OpenDriveLab/OpenScene/blob/a76f840b65e972bc45e56c2adced897498e9a026/openscene-v1.1/openscene_sensor_mini_camera/openscene_sensor_mini_camera_7.tgz
OpenScene	v1.1	mini	camera	openscene-v1.1/openscene_sensor_mini_camera/openscene_sensor_mini_camera_8.tgz	2566297517	HF tree API size @ a76f840b65e972bc45e56c2adced897498e9a026	nuPlan lineage, archive SHA unverified	public	compressed object or JSON	https://huggingface.co/datasets/OpenDriveLab/OpenScene/blob/a76f840b65e972bc45e56c2adced897498e9a026/openscene-v1.1/openscene_sensor_mini_camera/openscene_sensor_mini_camera_8.tgz
OpenScene	v1.1	mini	camera	openscene-v1.1/openscene_sensor_mini_camera/openscene_sensor_mini_camera_9.tgz	3082055292	HF tree API size @ a76f840b65e972bc45e56c2adced897498e9a026	nuPlan lineage, archive SHA unverified	public	compressed object or JSON	https://huggingface.co/datasets/OpenDriveLab/OpenScene/blob/a76f840b65e972bc45e56c2adced897498e9a026/openscene-v1.1/openscene_sensor_mini_camera/openscene_sensor_mini_camera_9.tgz
OpenScene	v1.1	mini	lidar	openscene-v1.1/openscene_sensor_mini_lidar/openscene_sensor_mini_lidar_0.tgz	2487971099	HF tree API size @ a76f840b65e972bc45e56c2adced897498e9a026	nuPlan lineage, archive SHA unverified	public	compressed object or JSON	https://huggingface.co/datasets/OpenDriveLab/OpenScene/blob/a76f840b65e972bc45e56c2adced897498e9a026/openscene-v1.1/openscene_sensor_mini_lidar/openscene_sensor_mini_lidar_0.tgz
OpenScene	v1.1	mini	lidar	openscene-v1.1/openscene_sensor_mini_lidar/openscene_sensor_mini_lidar_1.tgz	1929650880	HF tree API size @ a76f840b65e972bc45e56c2adced897498e9a026	nuPlan lineage, archive SHA unverified	public	compressed object or JSON	https://huggingface.co/datasets/OpenDriveLab/OpenScene/blob/a76f840b65e972bc45e56c2adced897498e9a026/openscene-v1.1/openscene_sensor_mini_lidar/openscene_sensor_mini_lidar_1.tgz
OpenScene	v1.1	mini	lidar	openscene-v1.1/openscene_sensor_mini_lidar/openscene_sensor_mini_lidar_10.tgz	2098017686	HF tree API size @ a76f840b65e972bc45e56c2adced897498e9a026	nuPlan lineage, archive SHA unverified	public	compressed object or JSON	https://huggingface.co/datasets/OpenDriveLab/OpenScene/blob/a76f840b65e972bc45e56c2adced897498e9a026/openscene-v1.1/openscene_sensor_mini_lidar/openscene_sensor_mini_lidar_10.tgz
OpenScene	v1.1	mini	lidar	openscene-v1.1/openscene_sensor_mini_lidar/openscene_sensor_mini_lidar_11.tgz	1792706224	HF tree API size @ a76f840b65e972bc45e56c2adced897498e9a026	nuPlan lineage, archive SHA unverified	public	compressed object or JSON	https://huggingface.co/datasets/OpenDriveLab/OpenScene/blob/a76f840b65e972bc45e56c2adced897498e9a026/openscene-v1.1/openscene_sensor_mini_lidar/openscene_sensor_mini_lidar_11.tgz
OpenScene	v1.1	mini	lidar	openscene-v1.1/openscene_sensor_mini_lidar/openscene_sensor_mini_lidar_12.tgz	1868206533	HF tree API size @ a76f840b65e972bc45e56c2adced897498e9a026	nuPlan lineage, archive SHA unverified	public	compressed object or JSON	https://huggingface.co/datasets/OpenDriveLab/OpenScene/blob/a76f840b65e972bc45e56c2adced897498e9a026/openscene-v1.1/openscene_sensor_mini_lidar/openscene_sensor_mini_lidar_12.tgz
OpenScene	v1.1	mini	lidar	openscene-v1.1/openscene_sensor_mini_lidar/openscene_sensor_mini_lidar_13.tgz	2212855226	HF tree API size @ a76f840b65e972bc45e56c2adced897498e9a026	nuPlan lineage, archive SHA unverified	public	compressed object or JSON	https://huggingface.co/datasets/OpenDriveLab/OpenScene/blob/a76f840b65e972bc45e56c2adced897498e9a026/openscene-v1.1/openscene_sensor_mini_lidar/openscene_sensor_mini_lidar_13.tgz
OpenScene	v1.1	mini	lidar	openscene-v1.1/openscene_sensor_mini_lidar/openscene_sensor_mini_lidar_14.tgz	2260335865	HF tree API size @ a76f840b65e972bc45e56c2adced897498e9a026	nuPlan lineage, archive SHA unverified	public	compressed object or JSON	https://huggingface.co/datasets/OpenDriveLab/OpenScene/blob/a76f840b65e972bc45e56c2adced897498e9a026/openscene-v1.1/openscene_sensor_mini_lidar/openscene_sensor_mini_lidar_14.tgz
OpenScene	v1.1	mini	lidar	openscene-v1.1/openscene_sensor_mini_lidar/openscene_sensor_mini_lidar_15.tgz	1815550936	HF tree API size @ a76f840b65e972bc45e56c2adced897498e9a026	nuPlan lineage, archive SHA unverified	public	compressed object or JSON	https://huggingface.co/datasets/OpenDriveLab/OpenScene/blob/a76f840b65e972bc45e56c2adced897498e9a026/openscene-v1.1/openscene_sensor_mini_lidar/openscene_sensor_mini_lidar_15.tgz
OpenScene	v1.1	mini	lidar	openscene-v1.1/openscene_sensor_mini_lidar/openscene_sensor_mini_lidar_16.tgz	1932937251	HF tree API size @ a76f840b65e972bc45e56c2adced897498e9a026	nuPlan lineage, archive SHA unverified	public	compressed object or JSON	https://huggingface.co/datasets/OpenDriveLab/OpenScene/blob/a76f840b65e972bc45e56c2adced897498e9a026/openscene-v1.1/openscene_sensor_mini_lidar/openscene_sensor_mini_lidar_16.tgz
OpenScene	v1.1	mini	lidar	openscene-v1.1/openscene_sensor_mini_lidar/openscene_sensor_mini_lidar_17.tgz	2107796883	HF tree API size @ a76f840b65e972bc45e56c2adced897498e9a026	nuPlan lineage, archive SHA unverified	public	compressed object or JSON	https://huggingface.co/datasets/OpenDriveLab/OpenScene/blob/a76f840b65e972bc45e56c2adced897498e9a026/openscene-v1.1/openscene_sensor_mini_lidar/openscene_sensor_mini_lidar_17.tgz
OpenScene	v1.1	mini	lidar	openscene-v1.1/openscene_sensor_mini_lidar/openscene_sensor_mini_lidar_18.tgz	1995803901	HF tree API size @ a76f840b65e972bc45e56c2adced897498e9a026	nuPlan lineage, archive SHA unverified	public	compressed object or JSON	https://huggingface.co/datasets/OpenDriveLab/OpenScene/blob/a76f840b65e972bc45e56c2adced897498e9a026/openscene-v1.1/openscene_sensor_mini_lidar/openscene_sensor_mini_lidar_18.tgz
OpenScene	v1.1	mini	lidar	openscene-v1.1/openscene_sensor_mini_lidar/openscene_sensor_mini_lidar_19.tgz	1822948777	HF tree API size @ a76f840b65e972bc45e56c2adced897498e9a026	nuPlan lineage, archive SHA unverified	public	compressed object or JSON	https://huggingface.co/datasets/OpenDriveLab/OpenScene/blob/a76f840b65e972bc45e56c2adced897498e9a026/openscene-v1.1/openscene_sensor_mini_lidar/openscene_sensor_mini_lidar_19.tgz
OpenScene	v1.1	mini	lidar	openscene-v1.1/openscene_sensor_mini_lidar/openscene_sensor_mini_lidar_2.tgz	2408047254	HF tree API size @ a76f840b65e972bc45e56c2adced897498e9a026	nuPlan lineage, archive SHA unverified	public	compressed object or JSON	https://huggingface.co/datasets/OpenDriveLab/OpenScene/blob/a76f840b65e972bc45e56c2adced897498e9a026/openscene-v1.1/openscene_sensor_mini_lidar/openscene_sensor_mini_lidar_2.tgz
OpenScene	v1.1	mini	lidar	openscene-v1.1/openscene_sensor_mini_lidar/openscene_sensor_mini_lidar_20.tgz	1733089228	HF tree API size @ a76f840b65e972bc45e56c2adced897498e9a026	nuPlan lineage, archive SHA unverified	public	compressed object or JSON	https://huggingface.co/datasets/OpenDriveLab/OpenScene/blob/a76f840b65e972bc45e56c2adced897498e9a026/openscene-v1.1/openscene_sensor_mini_lidar/openscene_sensor_mini_lidar_20.tgz
OpenScene	v1.1	mini	lidar	openscene-v1.1/openscene_sensor_mini_lidar/openscene_sensor_mini_lidar_21.tgz	1476243938	HF tree API size @ a76f840b65e972bc45e56c2adced897498e9a026	nuPlan lineage, archive SHA unverified	public	compressed object or JSON	https://huggingface.co/datasets/OpenDriveLab/OpenScene/blob/a76f840b65e972bc45e56c2adced897498e9a026/openscene-v1.1/openscene_sensor_mini_lidar/openscene_sensor_mini_lidar_21.tgz
OpenScene	v1.1	mini	lidar	openscene-v1.1/openscene_sensor_mini_lidar/openscene_sensor_mini_lidar_22.tgz	1771624370	HF tree API size @ a76f840b65e972bc45e56c2adced897498e9a026	nuPlan lineage, archive SHA unverified	public	compressed object or JSON	https://huggingface.co/datasets/OpenDriveLab/OpenScene/blob/a76f840b65e972bc45e56c2adced897498e9a026/openscene-v1.1/openscene_sensor_mini_lidar/openscene_sensor_mini_lidar_22.tgz
OpenScene	v1.1	mini	lidar	openscene-v1.1/openscene_sensor_mini_lidar/openscene_sensor_mini_lidar_23.tgz	1895208831	HF tree API size @ a76f840b65e972bc45e56c2adced897498e9a026	nuPlan lineage, archive SHA unverified	public	compressed object or JSON	https://huggingface.co/datasets/OpenDriveLab/OpenScene/blob/a76f840b65e972bc45e56c2adced897498e9a026/openscene-v1.1/openscene_sensor_mini_lidar/openscene_sensor_mini_lidar_23.tgz
OpenScene	v1.1	mini	lidar	openscene-v1.1/openscene_sensor_mini_lidar/openscene_sensor_mini_lidar_24.tgz	2085591557	HF tree API size @ a76f840b65e972bc45e56c2adced897498e9a026	nuPlan lineage, archive SHA unverified	public	compressed object or JSON	https://huggingface.co/datasets/OpenDriveLab/OpenScene/blob/a76f840b65e972bc45e56c2adced897498e9a026/openscene-v1.1/openscene_sensor_mini_lidar/openscene_sensor_mini_lidar_24.tgz
OpenScene	v1.1	mini	lidar	openscene-v1.1/openscene_sensor_mini_lidar/openscene_sensor_mini_lidar_25.tgz	2356179535	HF tree API size @ a76f840b65e972bc45e56c2adced897498e9a026	nuPlan lineage, archive SHA unverified	public	compressed object or JSON	https://huggingface.co/datasets/OpenDriveLab/OpenScene/blob/a76f840b65e972bc45e56c2adced897498e9a026/openscene-v1.1/openscene_sensor_mini_lidar/openscene_sensor_mini_lidar_25.tgz
OpenScene	v1.1	mini	lidar	openscene-v1.1/openscene_sensor_mini_lidar/openscene_sensor_mini_lidar_26.tgz	2205353755	HF tree API size @ a76f840b65e972bc45e56c2adced897498e9a026	nuPlan lineage, archive SHA unverified	public	compressed object or JSON	https://huggingface.co/datasets/OpenDriveLab/OpenScene/blob/a76f840b65e972bc45e56c2adced897498e9a026/openscene-v1.1/openscene_sensor_mini_lidar/openscene_sensor_mini_lidar_26.tgz
OpenScene	v1.1	mini	lidar	openscene-v1.1/openscene_sensor_mini_lidar/openscene_sensor_mini_lidar_27.tgz	2498787844	HF tree API size @ a76f840b65e972bc45e56c2adced897498e9a026	nuPlan lineage, archive SHA unverified	public	compressed object or JSON	https://huggingface.co/datasets/OpenDriveLab/OpenScene/blob/a76f840b65e972bc45e56c2adced897498e9a026/openscene-v1.1/openscene_sensor_mini_lidar/openscene_sensor_mini_lidar_27.tgz
OpenScene	v1.1	mini	lidar	openscene-v1.1/openscene_sensor_mini_lidar/openscene_sensor_mini_lidar_28.tgz	1673255409	HF tree API size @ a76f840b65e972bc45e56c2adced897498e9a026	nuPlan lineage, archive SHA unverified	public	compressed object or JSON	https://huggingface.co/datasets/OpenDriveLab/OpenScene/blob/a76f840b65e972bc45e56c2adced897498e9a026/openscene-v1.1/openscene_sensor_mini_lidar/openscene_sensor_mini_lidar_28.tgz
OpenScene	v1.1	mini	lidar	openscene-v1.1/openscene_sensor_mini_lidar/openscene_sensor_mini_lidar_29.tgz	2364641957	HF tree API size @ a76f840b65e972bc45e56c2adced897498e9a026	nuPlan lineage, archive SHA unverified	public	compressed object or JSON	https://huggingface.co/datasets/OpenDriveLab/OpenScene/blob/a76f840b65e972bc45e56c2adced897498e9a026/openscene-v1.1/openscene_sensor_mini_lidar/openscene_sensor_mini_lidar_29.tgz
OpenScene	v1.1	mini	lidar	openscene-v1.1/openscene_sensor_mini_lidar/openscene_sensor_mini_lidar_3.tgz	1839596419	HF tree API size @ a76f840b65e972bc45e56c2adced897498e9a026	nuPlan lineage, archive SHA unverified	public	compressed object or JSON	https://huggingface.co/datasets/OpenDriveLab/OpenScene/blob/a76f840b65e972bc45e56c2adced897498e9a026/openscene-v1.1/openscene_sensor_mini_lidar/openscene_sensor_mini_lidar_3.tgz
OpenScene	v1.1	mini	lidar	openscene-v1.1/openscene_sensor_mini_lidar/openscene_sensor_mini_lidar_30.tgz	2142941923	HF tree API size @ a76f840b65e972bc45e56c2adced897498e9a026	nuPlan lineage, archive SHA unverified	public	compressed object or JSON	https://huggingface.co/datasets/OpenDriveLab/OpenScene/blob/a76f840b65e972bc45e56c2adced897498e9a026/openscene-v1.1/openscene_sensor_mini_lidar/openscene_sensor_mini_lidar_30.tgz
OpenScene	v1.1	mini	lidar	openscene-v1.1/openscene_sensor_mini_lidar/openscene_sensor_mini_lidar_31.tgz	2106305210	HF tree API size @ a76f840b65e972bc45e56c2adced897498e9a026	nuPlan lineage, archive SHA unverified	public	compressed object or JSON	https://huggingface.co/datasets/OpenDriveLab/OpenScene/blob/a76f840b65e972bc45e56c2adced897498e9a026/openscene-v1.1/openscene_sensor_mini_lidar/openscene_sensor_mini_lidar_31.tgz
OpenScene	v1.1	mini	lidar	openscene-v1.1/openscene_sensor_mini_lidar/openscene_sensor_mini_lidar_4.tgz	1445184975	HF tree API size @ a76f840b65e972bc45e56c2adced897498e9a026	nuPlan lineage, archive SHA unverified	public	compressed object or JSON	https://huggingface.co/datasets/OpenDriveLab/OpenScene/blob/a76f840b65e972bc45e56c2adced897498e9a026/openscene-v1.1/openscene_sensor_mini_lidar/openscene_sensor_mini_lidar_4.tgz
OpenScene	v1.1	mini	lidar	openscene-v1.1/openscene_sensor_mini_lidar/openscene_sensor_mini_lidar_5.tgz	1219556670	HF tree API size @ a76f840b65e972bc45e56c2adced897498e9a026	nuPlan lineage, archive SHA unverified	public	compressed object or JSON	https://huggingface.co/datasets/OpenDriveLab/OpenScene/blob/a76f840b65e972bc45e56c2adced897498e9a026/openscene-v1.1/openscene_sensor_mini_lidar/openscene_sensor_mini_lidar_5.tgz
OpenScene	v1.1	mini	lidar	openscene-v1.1/openscene_sensor_mini_lidar/openscene_sensor_mini_lidar_6.tgz	1469993627	HF tree API size @ a76f840b65e972bc45e56c2adced897498e9a026	nuPlan lineage, archive SHA unverified	public	compressed object or JSON	https://huggingface.co/datasets/OpenDriveLab/OpenScene/blob/a76f840b65e972bc45e56c2adced897498e9a026/openscene-v1.1/openscene_sensor_mini_lidar/openscene_sensor_mini_lidar_6.tgz
OpenScene	v1.1	mini	lidar	openscene-v1.1/openscene_sensor_mini_lidar/openscene_sensor_mini_lidar_7.tgz	2390194681	HF tree API size @ a76f840b65e972bc45e56c2adced897498e9a026	nuPlan lineage, archive SHA unverified	public	compressed object or JSON	https://huggingface.co/datasets/OpenDriveLab/OpenScene/blob/a76f840b65e972bc45e56c2adced897498e9a026/openscene-v1.1/openscene_sensor_mini_lidar/openscene_sensor_mini_lidar_7.tgz
OpenScene	v1.1	mini	lidar	openscene-v1.1/openscene_sensor_mini_lidar/openscene_sensor_mini_lidar_8.tgz	1984148863	HF tree API size @ a76f840b65e972bc45e56c2adced897498e9a026	nuPlan lineage, archive SHA unverified	public	compressed object or JSON	https://huggingface.co/datasets/OpenDriveLab/OpenScene/blob/a76f840b65e972bc45e56c2adced897498e9a026/openscene-v1.1/openscene_sensor_mini_lidar/openscene_sensor_mini_lidar_8.tgz
OpenScene	v1.1	mini	lidar	openscene-v1.1/openscene_sensor_mini_lidar/openscene_sensor_mini_lidar_9.tgz	2052206832	HF tree API size @ a76f840b65e972bc45e56c2adced897498e9a026	nuPlan lineage, archive SHA unverified	public	compressed object or JSON	https://huggingface.co/datasets/OpenDriveLab/OpenScene/blob/a76f840b65e972bc45e56c2adced897498e9a026/openscene-v1.1/openscene_sensor_mini_lidar/openscene_sensor_mini_lidar_9.tgz
OpenScene	v1.1	private_test	shard-list	openscene-v1.1/openscene_sensor_private_test_e2e.tgz	23585022597	HF tree API size @ a76f840b65e972bc45e56c2adced897498e9a026	nuPlan lineage, archive SHA unverified	public	compressed object or JSON	https://huggingface.co/datasets/OpenDriveLab/OpenScene/blob/a76f840b65e972bc45e56c2adced897498e9a026/openscene-v1.1/openscene_sensor_private_test_e2e.tgz
OpenScene	v1.1	private_test	shard-list	openscene-v1.1/openscene_sensor_private_test_hard.tar.gz	635944331	HF tree API size @ a76f840b65e972bc45e56c2adced897498e9a026	nuPlan lineage, archive SHA unverified	public	compressed object or JSON	https://huggingface.co/datasets/OpenDriveLab/OpenScene/blob/a76f840b65e972bc45e56c2adced897498e9a026/openscene-v1.1/openscene_sensor_private_test_hard.tar.gz
OpenScene	v1.1	private_test	shard-list	openscene-v1.1/openscene_sensor_private_test_wm.tgz	14992004587	HF tree API size @ a76f840b65e972bc45e56c2adced897498e9a026	nuPlan lineage, archive SHA unverified	public	compressed object or JSON	https://huggingface.co/datasets/OpenDriveLab/OpenScene/blob/a76f840b65e972bc45e56c2adced897498e9a026/openscene-v1.1/openscene_sensor_private_test_wm.tgz
OpenScene	v1.1	test	shard-list	openscene-v1.1/openscene_sensor_test_0-31.json	7906	HF tree API size @ a76f840b65e972bc45e56c2adced897498e9a026	nuPlan lineage, archive SHA unverified	public	compressed object or JSON	https://huggingface.co/datasets/OpenDriveLab/OpenScene/blob/a76f840b65e972bc45e56c2adced897498e9a026/openscene-v1.1/openscene_sensor_test_0-31.json
OpenScene	v1.1	test	camera	openscene-v1.1/openscene_sensor_test_camera/openscene_sensor_test_camera_0.tgz	3684746149	HF tree API size @ a76f840b65e972bc45e56c2adced897498e9a026	nuPlan lineage, archive SHA unverified	public	compressed object or JSON	https://huggingface.co/datasets/OpenDriveLab/OpenScene/blob/a76f840b65e972bc45e56c2adced897498e9a026/openscene-v1.1/openscene_sensor_test_camera/openscene_sensor_test_camera_0.tgz
OpenScene	v1.1	test	camera	openscene-v1.1/openscene_sensor_test_camera/openscene_sensor_test_camera_1.tgz	3370355258	HF tree API size @ a76f840b65e972bc45e56c2adced897498e9a026	nuPlan lineage, archive SHA unverified	public	compressed object or JSON	https://huggingface.co/datasets/OpenDriveLab/OpenScene/blob/a76f840b65e972bc45e56c2adced897498e9a026/openscene-v1.1/openscene_sensor_test_camera/openscene_sensor_test_camera_1.tgz
OpenScene	v1.1	test	camera	openscene-v1.1/openscene_sensor_test_camera/openscene_sensor_test_camera_10.tgz	4163706067	HF tree API size @ a76f840b65e972bc45e56c2adced897498e9a026	nuPlan lineage, archive SHA unverified	public	compressed object or JSON	https://huggingface.co/datasets/OpenDriveLab/OpenScene/blob/a76f840b65e972bc45e56c2adced897498e9a026/openscene-v1.1/openscene_sensor_test_camera/openscene_sensor_test_camera_10.tgz
OpenScene	v1.1	test	camera	openscene-v1.1/openscene_sensor_test_camera/openscene_sensor_test_camera_11.tgz	4335721652	HF tree API size @ a76f840b65e972bc45e56c2adced897498e9a026	nuPlan lineage, archive SHA unverified	public	compressed object or JSON	https://huggingface.co/datasets/OpenDriveLab/OpenScene/blob/a76f840b65e972bc45e56c2adced897498e9a026/openscene-v1.1/openscene_sensor_test_camera/openscene_sensor_test_camera_11.tgz
OpenScene	v1.1	test	camera	openscene-v1.1/openscene_sensor_test_camera/openscene_sensor_test_camera_12.tgz	3293538547	HF tree API size @ a76f840b65e972bc45e56c2adced897498e9a026	nuPlan lineage, archive SHA unverified	public	compressed object or JSON	https://huggingface.co/datasets/OpenDriveLab/OpenScene/blob/a76f840b65e972bc45e56c2adced897498e9a026/openscene-v1.1/openscene_sensor_test_camera/openscene_sensor_test_camera_12.tgz
OpenScene	v1.1	test	camera	openscene-v1.1/openscene_sensor_test_camera/openscene_sensor_test_camera_13.tgz	3190680624	HF tree API size @ a76f840b65e972bc45e56c2adced897498e9a026	nuPlan lineage, archive SHA unverified	public	compressed object or JSON	https://huggingface.co/datasets/OpenDriveLab/OpenScene/blob/a76f840b65e972bc45e56c2adced897498e9a026/openscene-v1.1/openscene_sensor_test_camera/openscene_sensor_test_camera_13.tgz
OpenScene	v1.1	test	camera	openscene-v1.1/openscene_sensor_test_camera/openscene_sensor_test_camera_14.tgz	5727484174	HF tree API size @ a76f840b65e972bc45e56c2adced897498e9a026	nuPlan lineage, archive SHA unverified	public	compressed object or JSON	https://huggingface.co/datasets/OpenDriveLab/OpenScene/blob/a76f840b65e972bc45e56c2adced897498e9a026/openscene-v1.1/openscene_sensor_test_camera/openscene_sensor_test_camera_14.tgz
OpenScene	v1.1	test	camera	openscene-v1.1/openscene_sensor_test_camera/openscene_sensor_test_camera_15.tgz	2333261608	HF tree API size @ a76f840b65e972bc45e56c2adced897498e9a026	nuPlan lineage, archive SHA unverified	public	compressed object or JSON	https://huggingface.co/datasets/OpenDriveLab/OpenScene/blob/a76f840b65e972bc45e56c2adced897498e9a026/openscene-v1.1/openscene_sensor_test_camera/openscene_sensor_test_camera_15.tgz
OpenScene	v1.1	test	camera	openscene-v1.1/openscene_sensor_test_camera/openscene_sensor_test_camera_16.tgz	3245595071	HF tree API size @ a76f840b65e972bc45e56c2adced897498e9a026	nuPlan lineage, archive SHA unverified	public	compressed object or JSON	https://huggingface.co/datasets/OpenDriveLab/OpenScene/blob/a76f840b65e972bc45e56c2adced897498e9a026/openscene-v1.1/openscene_sensor_test_camera/openscene_sensor_test_camera_16.tgz
OpenScene	v1.1	test	camera	openscene-v1.1/openscene_sensor_test_camera/openscene_sensor_test_camera_17.tgz	3752496368	HF tree API size @ a76f840b65e972bc45e56c2adced897498e9a026	nuPlan lineage, archive SHA unverified	public	compressed object or JSON	https://huggingface.co/datasets/OpenDriveLab/OpenScene/blob/a76f840b65e972bc45e56c2adced897498e9a026/openscene-v1.1/openscene_sensor_test_camera/openscene_sensor_test_camera_17.tgz
OpenScene	v1.1	test	camera	openscene-v1.1/openscene_sensor_test_camera/openscene_sensor_test_camera_18.tgz	4301359960	HF tree API size @ a76f840b65e972bc45e56c2adced897498e9a026	nuPlan lineage, archive SHA unverified	public	compressed object or JSON	https://huggingface.co/datasets/OpenDriveLab/OpenScene/blob/a76f840b65e972bc45e56c2adced897498e9a026/openscene-v1.1/openscene_sensor_test_camera/openscene_sensor_test_camera_18.tgz
OpenScene	v1.1	test	camera	openscene-v1.1/openscene_sensor_test_camera/openscene_sensor_test_camera_19.tgz	2062047425	HF tree API size @ a76f840b65e972bc45e56c2adced897498e9a026	nuPlan lineage, archive SHA unverified	public	compressed object or JSON	https://huggingface.co/datasets/OpenDriveLab/OpenScene/blob/a76f840b65e972bc45e56c2adced897498e9a026/openscene-v1.1/openscene_sensor_test_camera/openscene_sensor_test_camera_19.tgz
OpenScene	v1.1	test	camera	openscene-v1.1/openscene_sensor_test_camera/openscene_sensor_test_camera_2.tgz	3626083094	HF tree API size @ a76f840b65e972bc45e56c2adced897498e9a026	nuPlan lineage, archive SHA unverified	public	compressed object or JSON	https://huggingface.co/datasets/OpenDriveLab/OpenScene/blob/a76f840b65e972bc45e56c2adced897498e9a026/openscene-v1.1/openscene_sensor_test_camera/openscene_sensor_test_camera_2.tgz
OpenScene	v1.1	test	camera	openscene-v1.1/openscene_sensor_test_camera/openscene_sensor_test_camera_20.tgz	8611642334	HF tree API size @ a76f840b65e972bc45e56c2adced897498e9a026	nuPlan lineage, archive SHA unverified	public	compressed object or JSON	https://huggingface.co/datasets/OpenDriveLab/OpenScene/blob/a76f840b65e972bc45e56c2adced897498e9a026/openscene-v1.1/openscene_sensor_test_camera/openscene_sensor_test_camera_20.tgz
OpenScene	v1.1	test	camera	openscene-v1.1/openscene_sensor_test_camera/openscene_sensor_test_camera_21.tgz	3229214091	HF tree API size @ a76f840b65e972bc45e56c2adced897498e9a026	nuPlan lineage, archive SHA unverified	public	compressed object or JSON	https://huggingface.co/datasets/OpenDriveLab/OpenScene/blob/a76f840b65e972bc45e56c2adced897498e9a026/openscene-v1.1/openscene_sensor_test_camera/openscene_sensor_test_camera_21.tgz
OpenScene	v1.1	test	camera	openscene-v1.1/openscene_sensor_test_camera/openscene_sensor_test_camera_22.tgz	3930542795	HF tree API size @ a76f840b65e972bc45e56c2adced897498e9a026	nuPlan lineage, archive SHA unverified	public	compressed object or JSON	https://huggingface.co/datasets/OpenDriveLab/OpenScene/blob/a76f840b65e972bc45e56c2adced897498e9a026/openscene-v1.1/openscene_sensor_test_camera/openscene_sensor_test_camera_22.tgz
OpenScene	v1.1	test	camera	openscene-v1.1/openscene_sensor_test_camera/openscene_sensor_test_camera_23.tgz	2703126184	HF tree API size @ a76f840b65e972bc45e56c2adced897498e9a026	nuPlan lineage, archive SHA unverified	public	compressed object or JSON	https://huggingface.co/datasets/OpenDriveLab/OpenScene/blob/a76f840b65e972bc45e56c2adced897498e9a026/openscene-v1.1/openscene_sensor_test_camera/openscene_sensor_test_camera_23.tgz
OpenScene	v1.1	test	camera	openscene-v1.1/openscene_sensor_test_camera/openscene_sensor_test_camera_24.tgz	5514880549	HF tree API size @ a76f840b65e972bc45e56c2adced897498e9a026	nuPlan lineage, archive SHA unverified	public	compressed object or JSON	https://huggingface.co/datasets/OpenDriveLab/OpenScene/blob/a76f840b65e972bc45e56c2adced897498e9a026/openscene-v1.1/openscene_sensor_test_camera/openscene_sensor_test_camera_24.tgz
OpenScene	v1.1	test	camera	openscene-v1.1/openscene_sensor_test_camera/openscene_sensor_test_camera_25.tgz	2119074450	HF tree API size @ a76f840b65e972bc45e56c2adced897498e9a026	nuPlan lineage, archive SHA unverified	public	compressed object or JSON	https://huggingface.co/datasets/OpenDriveLab/OpenScene/blob/a76f840b65e972bc45e56c2adced897498e9a026/openscene-v1.1/openscene_sensor_test_camera/openscene_sensor_test_camera_25.tgz
OpenScene	v1.1	test	camera	openscene-v1.1/openscene_sensor_test_camera/openscene_sensor_test_camera_26.tgz	3777609783	HF tree API size @ a76f840b65e972bc45e56c2adced897498e9a026	nuPlan lineage, archive SHA unverified	public	compressed object or JSON	https://huggingface.co/datasets/OpenDriveLab/OpenScene/blob/a76f840b65e972bc45e56c2adced897498e9a026/openscene-v1.1/openscene_sensor_test_camera/openscene_sensor_test_camera_26.tgz
OpenScene	v1.1	test	camera	openscene-v1.1/openscene_sensor_test_camera/openscene_sensor_test_camera_27.tgz	2879193968	HF tree API size @ a76f840b65e972bc45e56c2adced897498e9a026	nuPlan lineage, archive SHA unverified	public	compressed object or JSON	https://huggingface.co/datasets/OpenDriveLab/OpenScene/blob/a76f840b65e972bc45e56c2adced897498e9a026/openscene-v1.1/openscene_sensor_test_camera/openscene_sensor_test_camera_27.tgz
OpenScene	v1.1	test	camera	openscene-v1.1/openscene_sensor_test_camera/openscene_sensor_test_camera_28.tgz	3788614736	HF tree API size @ a76f840b65e972bc45e56c2adced897498e9a026	nuPlan lineage, archive SHA unverified	public	compressed object or JSON	https://huggingface.co/datasets/OpenDriveLab/OpenScene/blob/a76f840b65e972bc45e56c2adced897498e9a026/openscene-v1.1/openscene_sensor_test_camera/openscene_sensor_test_camera_28.tgz
OpenScene	v1.1	test	camera	openscene-v1.1/openscene_sensor_test_camera/openscene_sensor_test_camera_29.tgz	2410521159	HF tree API size @ a76f840b65e972bc45e56c2adced897498e9a026	nuPlan lineage, archive SHA unverified	public	compressed object or JSON	https://huggingface.co/datasets/OpenDriveLab/OpenScene/blob/a76f840b65e972bc45e56c2adced897498e9a026/openscene-v1.1/openscene_sensor_test_camera/openscene_sensor_test_camera_29.tgz
OpenScene	v1.1	test	camera	openscene-v1.1/openscene_sensor_test_camera/openscene_sensor_test_camera_3.tgz	8642383588	HF tree API size @ a76f840b65e972bc45e56c2adced897498e9a026	nuPlan lineage, archive SHA unverified	public	compressed object or JSON	https://huggingface.co/datasets/OpenDriveLab/OpenScene/blob/a76f840b65e972bc45e56c2adced897498e9a026/openscene-v1.1/openscene_sensor_test_camera/openscene_sensor_test_camera_3.tgz
OpenScene	v1.1	test	camera	openscene-v1.1/openscene_sensor_test_camera/openscene_sensor_test_camera_30.tgz	1629921998	HF tree API size @ a76f840b65e972bc45e56c2adced897498e9a026	nuPlan lineage, archive SHA unverified	public	compressed object or JSON	https://huggingface.co/datasets/OpenDriveLab/OpenScene/blob/a76f840b65e972bc45e56c2adced897498e9a026/openscene-v1.1/openscene_sensor_test_camera/openscene_sensor_test_camera_30.tgz
OpenScene	v1.1	test	camera	openscene-v1.1/openscene_sensor_test_camera/openscene_sensor_test_camera_31.tgz	4464868306	HF tree API size @ a76f840b65e972bc45e56c2adced897498e9a026	nuPlan lineage, archive SHA unverified	public	compressed object or JSON	https://huggingface.co/datasets/OpenDriveLab/OpenScene/blob/a76f840b65e972bc45e56c2adced897498e9a026/openscene-v1.1/openscene_sensor_test_camera/openscene_sensor_test_camera_31.tgz
OpenScene	v1.1	test	camera	openscene-v1.1/openscene_sensor_test_camera/openscene_sensor_test_camera_4.tgz	5459880010	HF tree API size @ a76f840b65e972bc45e56c2adced897498e9a026	nuPlan lineage, archive SHA unverified	public	compressed object or JSON	https://huggingface.co/datasets/OpenDriveLab/OpenScene/blob/a76f840b65e972bc45e56c2adced897498e9a026/openscene-v1.1/openscene_sensor_test_camera/openscene_sensor_test_camera_4.tgz
OpenScene	v1.1	test	camera	openscene-v1.1/openscene_sensor_test_camera/openscene_sensor_test_camera_5.tgz	5654176410	HF tree API size @ a76f840b65e972bc45e56c2adced897498e9a026	nuPlan lineage, archive SHA unverified	public	compressed object or JSON	https://huggingface.co/datasets/OpenDriveLab/OpenScene/blob/a76f840b65e972bc45e56c2adced897498e9a026/openscene-v1.1/openscene_sensor_test_camera/openscene_sensor_test_camera_5.tgz
OpenScene	v1.1	test	camera	openscene-v1.1/openscene_sensor_test_camera/openscene_sensor_test_camera_6.tgz	6213453844	HF tree API size @ a76f840b65e972bc45e56c2adced897498e9a026	nuPlan lineage, archive SHA unverified	public	compressed object or JSON	https://huggingface.co/datasets/OpenDriveLab/OpenScene/blob/a76f840b65e972bc45e56c2adced897498e9a026/openscene-v1.1/openscene_sensor_test_camera/openscene_sensor_test_camera_6.tgz
OpenScene	v1.1	test	camera	openscene-v1.1/openscene_sensor_test_camera/openscene_sensor_test_camera_7.tgz	3361021387	HF tree API size @ a76f840b65e972bc45e56c2adced897498e9a026	nuPlan lineage, archive SHA unverified	public	compressed object or JSON	https://huggingface.co/datasets/OpenDriveLab/OpenScene/blob/a76f840b65e972bc45e56c2adced897498e9a026/openscene-v1.1/openscene_sensor_test_camera/openscene_sensor_test_camera_7.tgz
OpenScene	v1.1	test	camera	openscene-v1.1/openscene_sensor_test_camera/openscene_sensor_test_camera_8.tgz	2737174084	HF tree API size @ a76f840b65e972bc45e56c2adced897498e9a026	nuPlan lineage, archive SHA unverified	public	compressed object or JSON	https://huggingface.co/datasets/OpenDriveLab/OpenScene/blob/a76f840b65e972bc45e56c2adced897498e9a026/openscene-v1.1/openscene_sensor_test_camera/openscene_sensor_test_camera_8.tgz
OpenScene	v1.1	test	camera	openscene-v1.1/openscene_sensor_test_camera/openscene_sensor_test_camera_9.tgz	3668289945	HF tree API size @ a76f840b65e972bc45e56c2adced897498e9a026	nuPlan lineage, archive SHA unverified	public	compressed object or JSON	https://huggingface.co/datasets/OpenDriveLab/OpenScene/blob/a76f840b65e972bc45e56c2adced897498e9a026/openscene-v1.1/openscene_sensor_test_camera/openscene_sensor_test_camera_9.tgz
OpenScene	v1.1	test	lidar	openscene-v1.1/openscene_sensor_test_lidar/openscene_sensor_test_lidar_0.tgz	2632634950	HF tree API size @ a76f840b65e972bc45e56c2adced897498e9a026	nuPlan lineage, archive SHA unverified	public	compressed object or JSON	https://huggingface.co/datasets/OpenDriveLab/OpenScene/blob/a76f840b65e972bc45e56c2adced897498e9a026/openscene-v1.1/openscene_sensor_test_lidar/openscene_sensor_test_lidar_0.tgz
OpenScene	v1.1	test	lidar	openscene-v1.1/openscene_sensor_test_lidar/openscene_sensor_test_lidar_1.tgz	2350246680	HF tree API size @ a76f840b65e972bc45e56c2adced897498e9a026	nuPlan lineage, archive SHA unverified	public	compressed object or JSON	https://huggingface.co/datasets/OpenDriveLab/OpenScene/blob/a76f840b65e972bc45e56c2adced897498e9a026/openscene-v1.1/openscene_sensor_test_lidar/openscene_sensor_test_lidar_1.tgz
OpenScene	v1.1	test	lidar	openscene-v1.1/openscene_sensor_test_lidar/openscene_sensor_test_lidar_10.tgz	3027959975	HF tree API size @ a76f840b65e972bc45e56c2adced897498e9a026	nuPlan lineage, archive SHA unverified	public	compressed object or JSON	https://huggingface.co/datasets/OpenDriveLab/OpenScene/blob/a76f840b65e972bc45e56c2adced897498e9a026/openscene-v1.1/openscene_sensor_test_lidar/openscene_sensor_test_lidar_10.tgz
OpenScene	v1.1	test	lidar	openscene-v1.1/openscene_sensor_test_lidar/openscene_sensor_test_lidar_11.tgz	3200161408	HF tree API size @ a76f840b65e972bc45e56c2adced897498e9a026	nuPlan lineage, archive SHA unverified	public	compressed object or JSON	https://huggingface.co/datasets/OpenDriveLab/OpenScene/blob/a76f840b65e972bc45e56c2adced897498e9a026/openscene-v1.1/openscene_sensor_test_lidar/openscene_sensor_test_lidar_11.tgz
OpenScene	v1.1	test	lidar	openscene-v1.1/openscene_sensor_test_lidar/openscene_sensor_test_lidar_12.tgz	2309899173	HF tree API size @ a76f840b65e972bc45e56c2adced897498e9a026	nuPlan lineage, archive SHA unverified	public	compressed object or JSON	https://huggingface.co/datasets/OpenDriveLab/OpenScene/blob/a76f840b65e972bc45e56c2adced897498e9a026/openscene-v1.1/openscene_sensor_test_lidar/openscene_sensor_test_lidar_12.tgz
OpenScene	v1.1	test	lidar	openscene-v1.1/openscene_sensor_test_lidar/openscene_sensor_test_lidar_13.tgz	2380323589	HF tree API size @ a76f840b65e972bc45e56c2adced897498e9a026	nuPlan lineage, archive SHA unverified	public	compressed object or JSON	https://huggingface.co/datasets/OpenDriveLab/OpenScene/blob/a76f840b65e972bc45e56c2adced897498e9a026/openscene-v1.1/openscene_sensor_test_lidar/openscene_sensor_test_lidar_13.tgz
OpenScene	v1.1	test	lidar	openscene-v1.1/openscene_sensor_test_lidar/openscene_sensor_test_lidar_14.tgz	4023712631	HF tree API size @ a76f840b65e972bc45e56c2adced897498e9a026	nuPlan lineage, archive SHA unverified	public	compressed object or JSON	https://huggingface.co/datasets/OpenDriveLab/OpenScene/blob/a76f840b65e972bc45e56c2adced897498e9a026/openscene-v1.1/openscene_sensor_test_lidar/openscene_sensor_test_lidar_14.tgz
OpenScene	v1.1	test	lidar	openscene-v1.1/openscene_sensor_test_lidar/openscene_sensor_test_lidar_15.tgz	1770013140	HF tree API size @ a76f840b65e972bc45e56c2adced897498e9a026	nuPlan lineage, archive SHA unverified	public	compressed object or JSON	https://huggingface.co/datasets/OpenDriveLab/OpenScene/blob/a76f840b65e972bc45e56c2adced897498e9a026/openscene-v1.1/openscene_sensor_test_lidar/openscene_sensor_test_lidar_15.tgz
OpenScene	v1.1	test	lidar	openscene-v1.1/openscene_sensor_test_lidar/openscene_sensor_test_lidar_16.tgz	2320919549	HF tree API size @ a76f840b65e972bc45e56c2adced897498e9a026	nuPlan lineage, archive SHA unverified	public	compressed object or JSON	https://huggingface.co/datasets/OpenDriveLab/OpenScene/blob/a76f840b65e972bc45e56c2adced897498e9a026/openscene-v1.1/openscene_sensor_test_lidar/openscene_sensor_test_lidar_16.tgz
OpenScene	v1.1	test	lidar	openscene-v1.1/openscene_sensor_test_lidar/openscene_sensor_test_lidar_17.tgz	2641191929	HF tree API size @ a76f840b65e972bc45e56c2adced897498e9a026	nuPlan lineage, archive SHA unverified	public	compressed object or JSON	https://huggingface.co/datasets/OpenDriveLab/OpenScene/blob/a76f840b65e972bc45e56c2adced897498e9a026/openscene-v1.1/openscene_sensor_test_lidar/openscene_sensor_test_lidar_17.tgz
OpenScene	v1.1	test	lidar	openscene-v1.1/openscene_sensor_test_lidar/openscene_sensor_test_lidar_18.tgz	3059018734	HF tree API size @ a76f840b65e972bc45e56c2adced897498e9a026	nuPlan lineage, archive SHA unverified	public	compressed object or JSON	https://huggingface.co/datasets/OpenDriveLab/OpenScene/blob/a76f840b65e972bc45e56c2adced897498e9a026/openscene-v1.1/openscene_sensor_test_lidar/openscene_sensor_test_lidar_18.tgz
OpenScene	v1.1	test	lidar	openscene-v1.1/openscene_sensor_test_lidar/openscene_sensor_test_lidar_19.tgz	1665804424	HF tree API size @ a76f840b65e972bc45e56c2adced897498e9a026	nuPlan lineage, archive SHA unverified	public	compressed object or JSON	https://huggingface.co/datasets/OpenDriveLab/OpenScene/blob/a76f840b65e972bc45e56c2adced897498e9a026/openscene-v1.1/openscene_sensor_test_lidar/openscene_sensor_test_lidar_19.tgz
OpenScene	v1.1	test	lidar	openscene-v1.1/openscene_sensor_test_lidar/openscene_sensor_test_lidar_2.tgz	2652033852	HF tree API size @ a76f840b65e972bc45e56c2adced897498e9a026	nuPlan lineage, archive SHA unverified	public	compressed object or JSON	https://huggingface.co/datasets/OpenDriveLab/OpenScene/blob/a76f840b65e972bc45e56c2adced897498e9a026/openscene-v1.1/openscene_sensor_test_lidar/openscene_sensor_test_lidar_2.tgz
OpenScene	v1.1	test	lidar	openscene-v1.1/openscene_sensor_test_lidar/openscene_sensor_test_lidar_20.tgz	5856745631	HF tree API size @ a76f840b65e972bc45e56c2adced897498e9a026	nuPlan lineage, archive SHA unverified	public	compressed object or JSON	https://huggingface.co/datasets/OpenDriveLab/OpenScene/blob/a76f840b65e972bc45e56c2adced897498e9a026/openscene-v1.1/openscene_sensor_test_lidar/openscene_sensor_test_lidar_20.tgz
OpenScene	v1.1	test	lidar	openscene-v1.1/openscene_sensor_test_lidar/openscene_sensor_test_lidar_21.tgz	2254501008	HF tree API size @ a76f840b65e972bc45e56c2adced897498e9a026	nuPlan lineage, archive SHA unverified	public	compressed object or JSON	https://huggingface.co/datasets/OpenDriveLab/OpenScene/blob/a76f840b65e972bc45e56c2adced897498e9a026/openscene-v1.1/openscene_sensor_test_lidar/openscene_sensor_test_lidar_21.tgz
OpenScene	v1.1	test	lidar	openscene-v1.1/openscene_sensor_test_lidar/openscene_sensor_test_lidar_22.tgz	2915523282	HF tree API size @ a76f840b65e972bc45e56c2adced897498e9a026	nuPlan lineage, archive SHA unverified	public	compressed object or JSON	https://huggingface.co/datasets/OpenDriveLab/OpenScene/blob/a76f840b65e972bc45e56c2adced897498e9a026/openscene-v1.1/openscene_sensor_test_lidar/openscene_sensor_test_lidar_22.tgz
OpenScene	v1.1	test	lidar	openscene-v1.1/openscene_sensor_test_lidar/openscene_sensor_test_lidar_23.tgz	1824531241	HF tree API size @ a76f840b65e972bc45e56c2adced897498e9a026	nuPlan lineage, archive SHA unverified	public	compressed object or JSON	https://huggingface.co/datasets/OpenDriveLab/OpenScene/blob/a76f840b65e972bc45e56c2adced897498e9a026/openscene-v1.1/openscene_sensor_test_lidar/openscene_sensor_test_lidar_23.tgz
OpenScene	v1.1	test	lidar	openscene-v1.1/openscene_sensor_test_lidar/openscene_sensor_test_lidar_24.tgz	4043293228	HF tree API size @ a76f840b65e972bc45e56c2adced897498e9a026	nuPlan lineage, archive SHA unverified	public	compressed object or JSON	https://huggingface.co/datasets/OpenDriveLab/OpenScene/blob/a76f840b65e972bc45e56c2adced897498e9a026/openscene-v1.1/openscene_sensor_test_lidar/openscene_sensor_test_lidar_24.tgz
OpenScene	v1.1	test	lidar	openscene-v1.1/openscene_sensor_test_lidar/openscene_sensor_test_lidar_25.tgz	1494517495	HF tree API size @ a76f840b65e972bc45e56c2adced897498e9a026	nuPlan lineage, archive SHA unverified	public	compressed object or JSON	https://huggingface.co/datasets/OpenDriveLab/OpenScene/blob/a76f840b65e972bc45e56c2adced897498e9a026/openscene-v1.1/openscene_sensor_test_lidar/openscene_sensor_test_lidar_25.tgz
OpenScene	v1.1	test	lidar	openscene-v1.1/openscene_sensor_test_lidar/openscene_sensor_test_lidar_26.tgz	2667643027	HF tree API size @ a76f840b65e972bc45e56c2adced897498e9a026	nuPlan lineage, archive SHA unverified	public	compressed object or JSON	https://huggingface.co/datasets/OpenDriveLab/OpenScene/blob/a76f840b65e972bc45e56c2adced897498e9a026/openscene-v1.1/openscene_sensor_test_lidar/openscene_sensor_test_lidar_26.tgz
OpenScene	v1.1	test	lidar	openscene-v1.1/openscene_sensor_test_lidar/openscene_sensor_test_lidar_27.tgz	2096486279	HF tree API size @ a76f840b65e972bc45e56c2adced897498e9a026	nuPlan lineage, archive SHA unverified	public	compressed object or JSON	https://huggingface.co/datasets/OpenDriveLab/OpenScene/blob/a76f840b65e972bc45e56c2adced897498e9a026/openscene-v1.1/openscene_sensor_test_lidar/openscene_sensor_test_lidar_27.tgz
OpenScene	v1.1	test	lidar	openscene-v1.1/openscene_sensor_test_lidar/openscene_sensor_test_lidar_28.tgz	2702469521	HF tree API size @ a76f840b65e972bc45e56c2adced897498e9a026	nuPlan lineage, archive SHA unverified	public	compressed object or JSON	https://huggingface.co/datasets/OpenDriveLab/OpenScene/blob/a76f840b65e972bc45e56c2adced897498e9a026/openscene-v1.1/openscene_sensor_test_lidar/openscene_sensor_test_lidar_28.tgz
OpenScene	v1.1	test	lidar	openscene-v1.1/openscene_sensor_test_lidar/openscene_sensor_test_lidar_29.tgz	1786187581	HF tree API size @ a76f840b65e972bc45e56c2adced897498e9a026	nuPlan lineage, archive SHA unverified	public	compressed object or JSON	https://huggingface.co/datasets/OpenDriveLab/OpenScene/blob/a76f840b65e972bc45e56c2adced897498e9a026/openscene-v1.1/openscene_sensor_test_lidar/openscene_sensor_test_lidar_29.tgz
OpenScene	v1.1	test	lidar	openscene-v1.1/openscene_sensor_test_lidar/openscene_sensor_test_lidar_3.tgz	6654500781	HF tree API size @ a76f840b65e972bc45e56c2adced897498e9a026	nuPlan lineage, archive SHA unverified	public	compressed object or JSON	https://huggingface.co/datasets/OpenDriveLab/OpenScene/blob/a76f840b65e972bc45e56c2adced897498e9a026/openscene-v1.1/openscene_sensor_test_lidar/openscene_sensor_test_lidar_3.tgz
OpenScene	v1.1	test	lidar	openscene-v1.1/openscene_sensor_test_lidar/openscene_sensor_test_lidar_30.tgz	1245225941	HF tree API size @ a76f840b65e972bc45e56c2adced897498e9a026	nuPlan lineage, archive SHA unverified	public	compressed object or JSON	https://huggingface.co/datasets/OpenDriveLab/OpenScene/blob/a76f840b65e972bc45e56c2adced897498e9a026/openscene-v1.1/openscene_sensor_test_lidar/openscene_sensor_test_lidar_30.tgz
OpenScene	v1.1	test	lidar	openscene-v1.1/openscene_sensor_test_lidar/openscene_sensor_test_lidar_31.tgz	3218548024	HF tree API size @ a76f840b65e972bc45e56c2adced897498e9a026	nuPlan lineage, archive SHA unverified	public	compressed object or JSON	https://huggingface.co/datasets/OpenDriveLab/OpenScene/blob/a76f840b65e972bc45e56c2adced897498e9a026/openscene-v1.1/openscene_sensor_test_lidar/openscene_sensor_test_lidar_31.tgz
OpenScene	v1.1	test	lidar	openscene-v1.1/openscene_sensor_test_lidar/openscene_sensor_test_lidar_4.tgz	3826462575	HF tree API size @ a76f840b65e972bc45e56c2adced897498e9a026	nuPlan lineage, archive SHA unverified	public	compressed object or JSON	https://huggingface.co/datasets/OpenDriveLab/OpenScene/blob/a76f840b65e972bc45e56c2adced897498e9a026/openscene-v1.1/openscene_sensor_test_lidar/openscene_sensor_test_lidar_4.tgz
OpenScene	v1.1	test	lidar	openscene-v1.1/openscene_sensor_test_lidar/openscene_sensor_test_lidar_5.tgz	4176727671	HF tree API size @ a76f840b65e972bc45e56c2adced897498e9a026	nuPlan lineage, archive SHA unverified	public	compressed object or JSON	https://huggingface.co/datasets/OpenDriveLab/OpenScene/blob/a76f840b65e972bc45e56c2adced897498e9a026/openscene-v1.1/openscene_sensor_test_lidar/openscene_sensor_test_lidar_5.tgz
OpenScene	v1.1	test	lidar	openscene-v1.1/openscene_sensor_test_lidar/openscene_sensor_test_lidar_6.tgz	4622817373	HF tree API size @ a76f840b65e972bc45e56c2adced897498e9a026	nuPlan lineage, archive SHA unverified	public	compressed object or JSON	https://huggingface.co/datasets/OpenDriveLab/OpenScene/blob/a76f840b65e972bc45e56c2adced897498e9a026/openscene-v1.1/openscene_sensor_test_lidar/openscene_sensor_test_lidar_6.tgz
OpenScene	v1.1	test	lidar	openscene-v1.1/openscene_sensor_test_lidar/openscene_sensor_test_lidar_7.tgz	2592099258	HF tree API size @ a76f840b65e972bc45e56c2adced897498e9a026	nuPlan lineage, archive SHA unverified	public	compressed object or JSON	https://huggingface.co/datasets/OpenDriveLab/OpenScene/blob/a76f840b65e972bc45e56c2adced897498e9a026/openscene-v1.1/openscene_sensor_test_lidar/openscene_sensor_test_lidar_7.tgz
OpenScene	v1.1	test	lidar	openscene-v1.1/openscene_sensor_test_lidar/openscene_sensor_test_lidar_8.tgz	2082494102	HF tree API size @ a76f840b65e972bc45e56c2adced897498e9a026	nuPlan lineage, archive SHA unverified	public	compressed object or JSON	https://huggingface.co/datasets/OpenDriveLab/OpenScene/blob/a76f840b65e972bc45e56c2adced897498e9a026/openscene-v1.1/openscene_sensor_test_lidar/openscene_sensor_test_lidar_8.tgz
OpenScene	v1.1	test	lidar	openscene-v1.1/openscene_sensor_test_lidar/openscene_sensor_test_lidar_9.tgz	2597683444	HF tree API size @ a76f840b65e972bc45e56c2adced897498e9a026	nuPlan lineage, archive SHA unverified	public	compressed object or JSON	https://huggingface.co/datasets/OpenDriveLab/OpenScene/blob/a76f840b65e972bc45e56c2adced897498e9a026/openscene-v1.1/openscene_sensor_test_lidar/openscene_sensor_test_lidar_9.tgz
OpenScene	v1.1	trainval	shard-list	openscene-v1.1/openscene_sensor_trainval_0-199.json	68352	HF tree API size @ a76f840b65e972bc45e56c2adced897498e9a026	nuPlan lineage, archive SHA unverified	public	compressed object or JSON	https://huggingface.co/datasets/OpenDriveLab/OpenScene/blob/a76f840b65e972bc45e56c2adced897498e9a026/openscene-v1.1/openscene_sensor_trainval_0-199.json
OpenScene	v1.1	trainval	camera	openscene-v1.1/openscene_sensor_trainval_camera/openscene_sensor_trainval_camera_0.tgz	4704972041	HF tree API size @ a76f840b65e972bc45e56c2adced897498e9a026	nuPlan lineage, archive SHA unverified	public	compressed object or JSON	https://huggingface.co/datasets/OpenDriveLab/OpenScene/blob/a76f840b65e972bc45e56c2adced897498e9a026/openscene-v1.1/openscene_sensor_trainval_camera/openscene_sensor_trainval_camera_0.tgz
OpenScene	v1.1	trainval	camera	openscene-v1.1/openscene_sensor_trainval_camera/openscene_sensor_trainval_camera_1.tgz	4633543276	HF tree API size @ a76f840b65e972bc45e56c2adced897498e9a026	nuPlan lineage, archive SHA unverified	public	compressed object or JSON	https://huggingface.co/datasets/OpenDriveLab/OpenScene/blob/a76f840b65e972bc45e56c2adced897498e9a026/openscene-v1.1/openscene_sensor_trainval_camera/openscene_sensor_trainval_camera_1.tgz
OpenScene	v1.1	trainval	camera	openscene-v1.1/openscene_sensor_trainval_camera/openscene_sensor_trainval_camera_10.tgz	7882513097	HF tree API size @ a76f840b65e972bc45e56c2adced897498e9a026	nuPlan lineage, archive SHA unverified	public	compressed object or JSON	https://huggingface.co/datasets/OpenDriveLab/OpenScene/blob/a76f840b65e972bc45e56c2adced897498e9a026/openscene-v1.1/openscene_sensor_trainval_camera/openscene_sensor_trainval_camera_10.tgz
OpenScene	v1.1	trainval	camera	openscene-v1.1/openscene_sensor_trainval_camera/openscene_sensor_trainval_camera_100.tgz	9647234806	HF tree API size @ a76f840b65e972bc45e56c2adced897498e9a026	nuPlan lineage, archive SHA unverified	public	compressed object or JSON	https://huggingface.co/datasets/OpenDriveLab/OpenScene/blob/a76f840b65e972bc45e56c2adced897498e9a026/openscene-v1.1/openscene_sensor_trainval_camera/openscene_sensor_trainval_camera_100.tgz
OpenScene	v1.1	trainval	camera	openscene-v1.1/openscene_sensor_trainval_camera/openscene_sensor_trainval_camera_101.tgz	5624393347	HF tree API size @ a76f840b65e972bc45e56c2adced897498e9a026	nuPlan lineage, archive SHA unverified	public	compressed object or JSON	https://huggingface.co/datasets/OpenDriveLab/OpenScene/blob/a76f840b65e972bc45e56c2adced897498e9a026/openscene-v1.1/openscene_sensor_trainval_camera/openscene_sensor_trainval_camera_101.tgz
OpenScene	v1.1	trainval	camera	openscene-v1.1/openscene_sensor_trainval_camera/openscene_sensor_trainval_camera_102.tgz	3877024833	HF tree API size @ a76f840b65e972bc45e56c2adced897498e9a026	nuPlan lineage, archive SHA unverified	public	compressed object or JSON	https://huggingface.co/datasets/OpenDriveLab/OpenScene/blob/a76f840b65e972bc45e56c2adced897498e9a026/openscene-v1.1/openscene_sensor_trainval_camera/openscene_sensor_trainval_camera_102.tgz
OpenScene	v1.1	trainval	camera	openscene-v1.1/openscene_sensor_trainval_camera/openscene_sensor_trainval_camera_103.tgz	12990431549	HF tree API size @ a76f840b65e972bc45e56c2adced897498e9a026	nuPlan lineage, archive SHA unverified	public	compressed object or JSON	https://huggingface.co/datasets/OpenDriveLab/OpenScene/blob/a76f840b65e972bc45e56c2adced897498e9a026/openscene-v1.1/openscene_sensor_trainval_camera/openscene_sensor_trainval_camera_103.tgz
OpenScene	v1.1	trainval	camera	openscene-v1.1/openscene_sensor_trainval_camera/openscene_sensor_trainval_camera_104.tgz	4181303598	HF tree API size @ a76f840b65e972bc45e56c2adced897498e9a026	nuPlan lineage, archive SHA unverified	public	compressed object or JSON	https://huggingface.co/datasets/OpenDriveLab/OpenScene/blob/a76f840b65e972bc45e56c2adced897498e9a026/openscene-v1.1/openscene_sensor_trainval_camera/openscene_sensor_trainval_camera_104.tgz
OpenScene	v1.1	trainval	camera	openscene-v1.1/openscene_sensor_trainval_camera/openscene_sensor_trainval_camera_105.tgz	4410347074	HF tree API size @ a76f840b65e972bc45e56c2adced897498e9a026	nuPlan lineage, archive SHA unverified	public	compressed object or JSON	https://huggingface.co/datasets/OpenDriveLab/OpenScene/blob/a76f840b65e972bc45e56c2adced897498e9a026/openscene-v1.1/openscene_sensor_trainval_camera/openscene_sensor_trainval_camera_105.tgz
OpenScene	v1.1	trainval	camera	openscene-v1.1/openscene_sensor_trainval_camera/openscene_sensor_trainval_camera_106.tgz	4840985630	HF tree API size @ a76f840b65e972bc45e56c2adced897498e9a026	nuPlan lineage, archive SHA unverified	public	compressed object or JSON	https://huggingface.co/datasets/OpenDriveLab/OpenScene/blob/a76f840b65e972bc45e56c2adced897498e9a026/openscene-v1.1/openscene_sensor_trainval_camera/openscene_sensor_trainval_camera_106.tgz
OpenScene	v1.1	trainval	camera	openscene-v1.1/openscene_sensor_trainval_camera/openscene_sensor_trainval_camera_107.tgz	4349387980	HF tree API size @ a76f840b65e972bc45e56c2adced897498e9a026	nuPlan lineage, archive SHA unverified	public	compressed object or JSON	https://huggingface.co/datasets/OpenDriveLab/OpenScene/blob/a76f840b65e972bc45e56c2adced897498e9a026/openscene-v1.1/openscene_sensor_trainval_camera/openscene_sensor_trainval_camera_107.tgz
OpenScene	v1.1	trainval	camera	openscene-v1.1/openscene_sensor_trainval_camera/openscene_sensor_trainval_camera_108.tgz	7541187381	HF tree API size @ a76f840b65e972bc45e56c2adced897498e9a026	nuPlan lineage, archive SHA unverified	public	compressed object or JSON	https://huggingface.co/datasets/OpenDriveLab/OpenScene/blob/a76f840b65e972bc45e56c2adced897498e9a026/openscene-v1.1/openscene_sensor_trainval_camera/openscene_sensor_trainval_camera_108.tgz
OpenScene	v1.1	trainval	camera	openscene-v1.1/openscene_sensor_trainval_camera/openscene_sensor_trainval_camera_109.tgz	3296724370	HF tree API size @ a76f840b65e972bc45e56c2adced897498e9a026	nuPlan lineage, archive SHA unverified	public	compressed object or JSON	https://huggingface.co/datasets/OpenDriveLab/OpenScene/blob/a76f840b65e972bc45e56c2adced897498e9a026/openscene-v1.1/openscene_sensor_trainval_camera/openscene_sensor_trainval_camera_109.tgz
OpenScene	v1.1	trainval	camera	openscene-v1.1/openscene_sensor_trainval_camera/openscene_sensor_trainval_camera_11.tgz	9024447390	HF tree API size @ a76f840b65e972bc45e56c2adced897498e9a026	nuPlan lineage, archive SHA unverified	public	compressed object or JSON	https://huggingface.co/datasets/OpenDriveLab/OpenScene/blob/a76f840b65e972bc45e56c2adced897498e9a026/openscene-v1.1/openscene_sensor_trainval_camera/openscene_sensor_trainval_camera_11.tgz
OpenScene	v1.1	trainval	camera	openscene-v1.1/openscene_sensor_trainval_camera/openscene_sensor_trainval_camera_110.tgz	7323022293	HF tree API size @ a76f840b65e972bc45e56c2adced897498e9a026	nuPlan lineage, archive SHA unverified	public	compressed object or JSON	https://huggingface.co/datasets/OpenDriveLab/OpenScene/blob/a76f840b65e972bc45e56c2adced897498e9a026/openscene-v1.1/openscene_sensor_trainval_camera/openscene_sensor_trainval_camera_110.tgz
OpenScene	v1.1	trainval	camera	openscene-v1.1/openscene_sensor_trainval_camera/openscene_sensor_trainval_camera_111.tgz	5320530759	HF tree API size @ a76f840b65e972bc45e56c2adced897498e9a026	nuPlan lineage, archive SHA unverified	public	compressed object or JSON	https://huggingface.co/datasets/OpenDriveLab/OpenScene/blob/a76f840b65e972bc45e56c2adced897498e9a026/openscene-v1.1/openscene_sensor_trainval_camera/openscene_sensor_trainval_camera_111.tgz
OpenScene	v1.1	trainval	camera	openscene-v1.1/openscene_sensor_trainval_camera/openscene_sensor_trainval_camera_112.tgz	3688938908	HF tree API size @ a76f840b65e972bc45e56c2adced897498e9a026	nuPlan lineage, archive SHA unverified	public	compressed object or JSON	https://huggingface.co/datasets/OpenDriveLab/OpenScene/blob/a76f840b65e972bc45e56c2adced897498e9a026/openscene-v1.1/openscene_sensor_trainval_camera/openscene_sensor_trainval_camera_112.tgz
OpenScene	v1.1	trainval	camera	openscene-v1.1/openscene_sensor_trainval_camera/openscene_sensor_trainval_camera_113.tgz	5692688926	HF tree API size @ a76f840b65e972bc45e56c2adced897498e9a026	nuPlan lineage, archive SHA unverified	public	compressed object or JSON	https://huggingface.co/datasets/OpenDriveLab/OpenScene/blob/a76f840b65e972bc45e56c2adced897498e9a026/openscene-v1.1/openscene_sensor_trainval_camera/openscene_sensor_trainval_camera_113.tgz
OpenScene	v1.1	trainval	camera	openscene-v1.1/openscene_sensor_trainval_camera/openscene_sensor_trainval_camera_114.tgz	4313815436	HF tree API size @ a76f840b65e972bc45e56c2adced897498e9a026	nuPlan lineage, archive SHA unverified	public	compressed object or JSON	https://huggingface.co/datasets/OpenDriveLab/OpenScene/blob/a76f840b65e972bc45e56c2adced897498e9a026/openscene-v1.1/openscene_sensor_trainval_camera/openscene_sensor_trainval_camera_114.tgz
OpenScene	v1.1	trainval	camera	openscene-v1.1/openscene_sensor_trainval_camera/openscene_sensor_trainval_camera_115.tgz	5108028759	HF tree API size @ a76f840b65e972bc45e56c2adced897498e9a026	nuPlan lineage, archive SHA unverified	public	compressed object or JSON	https://huggingface.co/datasets/OpenDriveLab/OpenScene/blob/a76f840b65e972bc45e56c2adced897498e9a026/openscene-v1.1/openscene_sensor_trainval_camera/openscene_sensor_trainval_camera_115.tgz
OpenScene	v1.1	trainval	camera	openscene-v1.1/openscene_sensor_trainval_camera/openscene_sensor_trainval_camera_116.tgz	17075210508	HF tree API size @ a76f840b65e972bc45e56c2adced897498e9a026	nuPlan lineage, archive SHA unverified	public	compressed object or JSON	https://huggingface.co/datasets/OpenDriveLab/OpenScene/blob/a76f840b65e972bc45e56c2adced897498e9a026/openscene-v1.1/openscene_sensor_trainval_camera/openscene_sensor_trainval_camera_116.tgz
OpenScene	v1.1	trainval	camera	openscene-v1.1/openscene_sensor_trainval_camera/openscene_sensor_trainval_camera_117.tgz	3934624099	HF tree API size @ a76f840b65e972bc45e56c2adced897498e9a026	nuPlan lineage, archive SHA unverified	public	compressed object or JSON	https://huggingface.co/datasets/OpenDriveLab/OpenScene/blob/a76f840b65e972bc45e56c2adced897498e9a026/openscene-v1.1/openscene_sensor_trainval_camera/openscene_sensor_trainval_camera_117.tgz
OpenScene	v1.1	trainval	camera	openscene-v1.1/openscene_sensor_trainval_camera/openscene_sensor_trainval_camera_118.tgz	11471049933	HF tree API size @ a76f840b65e972bc45e56c2adced897498e9a026	nuPlan lineage, archive SHA unverified	public	compressed object or JSON	https://huggingface.co/datasets/OpenDriveLab/OpenScene/blob/a76f840b65e972bc45e56c2adced897498e9a026/openscene-v1.1/openscene_sensor_trainval_camera/openscene_sensor_trainval_camera_118.tgz
OpenScene	v1.1	trainval	camera	openscene-v1.1/openscene_sensor_trainval_camera/openscene_sensor_trainval_camera_119.tgz	12311161823	HF tree API size @ a76f840b65e972bc45e56c2adced897498e9a026	nuPlan lineage, archive SHA unverified	public	compressed object or JSON	https://huggingface.co/datasets/OpenDriveLab/OpenScene/blob/a76f840b65e972bc45e56c2adced897498e9a026/openscene-v1.1/openscene_sensor_trainval_camera/openscene_sensor_trainval_camera_119.tgz
OpenScene	v1.1	trainval	camera	openscene-v1.1/openscene_sensor_trainval_camera/openscene_sensor_trainval_camera_12.tgz	5537245198	HF tree API size @ a76f840b65e972bc45e56c2adced897498e9a026	nuPlan lineage, archive SHA unverified	public	compressed object or JSON	https://huggingface.co/datasets/OpenDriveLab/OpenScene/blob/a76f840b65e972bc45e56c2adced897498e9a026/openscene-v1.1/openscene_sensor_trainval_camera/openscene_sensor_trainval_camera_12.tgz
OpenScene	v1.1	trainval	camera	openscene-v1.1/openscene_sensor_trainval_camera/openscene_sensor_trainval_camera_120.tgz	5071690408	HF tree API size @ a76f840b65e972bc45e56c2adced897498e9a026	nuPlan lineage, archive SHA unverified	public	compressed object or JSON	https://huggingface.co/datasets/OpenDriveLab/OpenScene/blob/a76f840b65e972bc45e56c2adced897498e9a026/openscene-v1.1/openscene_sensor_trainval_camera/openscene_sensor_trainval_camera_120.tgz
OpenScene	v1.1	trainval	camera	openscene-v1.1/openscene_sensor_trainval_camera/openscene_sensor_trainval_camera_121.tgz	11302054449	HF tree API size @ a76f840b65e972bc45e56c2adced897498e9a026	nuPlan lineage, archive SHA unverified	public	compressed object or JSON	https://huggingface.co/datasets/OpenDriveLab/OpenScene/blob/a76f840b65e972bc45e56c2adced897498e9a026/openscene-v1.1/openscene_sensor_trainval_camera/openscene_sensor_trainval_camera_121.tgz
OpenScene	v1.1	trainval	camera	openscene-v1.1/openscene_sensor_trainval_camera/openscene_sensor_trainval_camera_122.tgz	5675002023	HF tree API size @ a76f840b65e972bc45e56c2adced897498e9a026	nuPlan lineage, archive SHA unverified	public	compressed object or JSON	https://huggingface.co/datasets/OpenDriveLab/OpenScene/blob/a76f840b65e972bc45e56c2adced897498e9a026/openscene-v1.1/openscene_sensor_trainval_camera/openscene_sensor_trainval_camera_122.tgz
OpenScene	v1.1	trainval	camera	openscene-v1.1/openscene_sensor_trainval_camera/openscene_sensor_trainval_camera_123.tgz	11015013802	HF tree API size @ a76f840b65e972bc45e56c2adced897498e9a026	nuPlan lineage, archive SHA unverified	public	compressed object or JSON	https://huggingface.co/datasets/OpenDriveLab/OpenScene/blob/a76f840b65e972bc45e56c2adced897498e9a026/openscene-v1.1/openscene_sensor_trainval_camera/openscene_sensor_trainval_camera_123.tgz
OpenScene	v1.1	trainval	camera	openscene-v1.1/openscene_sensor_trainval_camera/openscene_sensor_trainval_camera_124.tgz	19295805663	HF tree API size @ a76f840b65e972bc45e56c2adced897498e9a026	nuPlan lineage, archive SHA unverified	public	compressed object or JSON	https://huggingface.co/datasets/OpenDriveLab/OpenScene/blob/a76f840b65e972bc45e56c2adced897498e9a026/openscene-v1.1/openscene_sensor_trainval_camera/openscene_sensor_trainval_camera_124.tgz
OpenScene	v1.1	trainval	camera	openscene-v1.1/openscene_sensor_trainval_camera/openscene_sensor_trainval_camera_125.tgz	3534588992	HF tree API size @ a76f840b65e972bc45e56c2adced897498e9a026	nuPlan lineage, archive SHA unverified	public	compressed object or JSON	https://huggingface.co/datasets/OpenDriveLab/OpenScene/blob/a76f840b65e972bc45e56c2adced897498e9a026/openscene-v1.1/openscene_sensor_trainval_camera/openscene_sensor_trainval_camera_125.tgz
OpenScene	v1.1	trainval	camera	openscene-v1.1/openscene_sensor_trainval_camera/openscene_sensor_trainval_camera_126.tgz	2591614847	HF tree API size @ a76f840b65e972bc45e56c2adced897498e9a026	nuPlan lineage, archive SHA unverified	public	compressed object or JSON	https://huggingface.co/datasets/OpenDriveLab/OpenScene/blob/a76f840b65e972bc45e56c2adced897498e9a026/openscene-v1.1/openscene_sensor_trainval_camera/openscene_sensor_trainval_camera_126.tgz
OpenScene	v1.1	trainval	camera	openscene-v1.1/openscene_sensor_trainval_camera/openscene_sensor_trainval_camera_127.tgz	6194248660	HF tree API size @ a76f840b65e972bc45e56c2adced897498e9a026	nuPlan lineage, archive SHA unverified	public	compressed object or JSON	https://huggingface.co/datasets/OpenDriveLab/OpenScene/blob/a76f840b65e972bc45e56c2adced897498e9a026/openscene-v1.1/openscene_sensor_trainval_camera/openscene_sensor_trainval_camera_127.tgz
OpenScene	v1.1	trainval	camera	openscene-v1.1/openscene_sensor_trainval_camera/openscene_sensor_trainval_camera_128.tgz	2884681823	HF tree API size @ a76f840b65e972bc45e56c2adced897498e9a026	nuPlan lineage, archive SHA unverified	public	compressed object or JSON	https://huggingface.co/datasets/OpenDriveLab/OpenScene/blob/a76f840b65e972bc45e56c2adced897498e9a026/openscene-v1.1/openscene_sensor_trainval_camera/openscene_sensor_trainval_camera_128.tgz
OpenScene	v1.1	trainval	camera	openscene-v1.1/openscene_sensor_trainval_camera/openscene_sensor_trainval_camera_129.tgz	3996915056	HF tree API size @ a76f840b65e972bc45e56c2adced897498e9a026	nuPlan lineage, archive SHA unverified	public	compressed object or JSON	https://huggingface.co/datasets/OpenDriveLab/OpenScene/blob/a76f840b65e972bc45e56c2adced897498e9a026/openscene-v1.1/openscene_sensor_trainval_camera/openscene_sensor_trainval_camera_129.tgz
OpenScene	v1.1	trainval	camera	openscene-v1.1/openscene_sensor_trainval_camera/openscene_sensor_trainval_camera_13.tgz	7115194077	HF tree API size @ a76f840b65e972bc45e56c2adced897498e9a026	nuPlan lineage, archive SHA unverified	public	compressed object or JSON	https://huggingface.co/datasets/OpenDriveLab/OpenScene/blob/a76f840b65e972bc45e56c2adced897498e9a026/openscene-v1.1/openscene_sensor_trainval_camera/openscene_sensor_trainval_camera_13.tgz
OpenScene	v1.1	trainval	camera	openscene-v1.1/openscene_sensor_trainval_camera/openscene_sensor_trainval_camera_130.tgz	7821397607	HF tree API size @ a76f840b65e972bc45e56c2adced897498e9a026	nuPlan lineage, archive SHA unverified	public	compressed object or JSON	https://huggingface.co/datasets/OpenDriveLab/OpenScene/blob/a76f840b65e972bc45e56c2adced897498e9a026/openscene-v1.1/openscene_sensor_trainval_camera/openscene_sensor_trainval_camera_130.tgz
OpenScene	v1.1	trainval	camera	openscene-v1.1/openscene_sensor_trainval_camera/openscene_sensor_trainval_camera_131.tgz	8142034848	HF tree API size @ a76f840b65e972bc45e56c2adced897498e9a026	nuPlan lineage, archive SHA unverified	public	compressed object or JSON	https://huggingface.co/datasets/OpenDriveLab/OpenScene/blob/a76f840b65e972bc45e56c2adced897498e9a026/openscene-v1.1/openscene_sensor_trainval_camera/openscene_sensor_trainval_camera_131.tgz
OpenScene	v1.1	trainval	camera	openscene-v1.1/openscene_sensor_trainval_camera/openscene_sensor_trainval_camera_132.tgz	3673196865	HF tree API size @ a76f840b65e972bc45e56c2adced897498e9a026	nuPlan lineage, archive SHA unverified	public	compressed object or JSON	https://huggingface.co/datasets/OpenDriveLab/OpenScene/blob/a76f840b65e972bc45e56c2adced897498e9a026/openscene-v1.1/openscene_sensor_trainval_camera/openscene_sensor_trainval_camera_132.tgz
OpenScene	v1.1	trainval	camera	openscene-v1.1/openscene_sensor_trainval_camera/openscene_sensor_trainval_camera_133.tgz	5625595318	HF tree API size @ a76f840b65e972bc45e56c2adced897498e9a026	nuPlan lineage, archive SHA unverified	public	compressed object or JSON	https://huggingface.co/datasets/OpenDriveLab/OpenScene/blob/a76f840b65e972bc45e56c2adced897498e9a026/openscene-v1.1/openscene_sensor_trainval_camera/openscene_sensor_trainval_camera_133.tgz
OpenScene	v1.1	trainval	camera	openscene-v1.1/openscene_sensor_trainval_camera/openscene_sensor_trainval_camera_134.tgz	3341502479	HF tree API size @ a76f840b65e972bc45e56c2adced897498e9a026	nuPlan lineage, archive SHA unverified	public	compressed object or JSON	https://huggingface.co/datasets/OpenDriveLab/OpenScene/blob/a76f840b65e972bc45e56c2adced897498e9a026/openscene-v1.1/openscene_sensor_trainval_camera/openscene_sensor_trainval_camera_134.tgz
OpenScene	v1.1	trainval	camera	openscene-v1.1/openscene_sensor_trainval_camera/openscene_sensor_trainval_camera_135.tgz	4340564946	HF tree API size @ a76f840b65e972bc45e56c2adced897498e9a026	nuPlan lineage, archive SHA unverified	public	compressed object or JSON	https://huggingface.co/datasets/OpenDriveLab/OpenScene/blob/a76f840b65e972bc45e56c2adced897498e9a026/openscene-v1.1/openscene_sensor_trainval_camera/openscene_sensor_trainval_camera_135.tgz
OpenScene	v1.1	trainval	camera	openscene-v1.1/openscene_sensor_trainval_camera/openscene_sensor_trainval_camera_136.tgz	9275521291	HF tree API size @ a76f840b65e972bc45e56c2adced897498e9a026	nuPlan lineage, archive SHA unverified	public	compressed object or JSON	https://huggingface.co/datasets/OpenDriveLab/OpenScene/blob/a76f840b65e972bc45e56c2adced897498e9a026/openscene-v1.1/openscene_sensor_trainval_camera/openscene_sensor_trainval_camera_136.tgz
OpenScene	v1.1	trainval	camera	openscene-v1.1/openscene_sensor_trainval_camera/openscene_sensor_trainval_camera_137.tgz	6570682871	HF tree API size @ a76f840b65e972bc45e56c2adced897498e9a026	nuPlan lineage, archive SHA unverified	public	compressed object or JSON	https://huggingface.co/datasets/OpenDriveLab/OpenScene/blob/a76f840b65e972bc45e56c2adced897498e9a026/openscene-v1.1/openscene_sensor_trainval_camera/openscene_sensor_trainval_camera_137.tgz
OpenScene	v1.1	trainval	camera	openscene-v1.1/openscene_sensor_trainval_camera/openscene_sensor_trainval_camera_138.tgz	5745437072	HF tree API size @ a76f840b65e972bc45e56c2adced897498e9a026	nuPlan lineage, archive SHA unverified	public	compressed object or JSON	https://huggingface.co/datasets/OpenDriveLab/OpenScene/blob/a76f840b65e972bc45e56c2adced897498e9a026/openscene-v1.1/openscene_sensor_trainval_camera/openscene_sensor_trainval_camera_138.tgz
OpenScene	v1.1	trainval	camera	openscene-v1.1/openscene_sensor_trainval_camera/openscene_sensor_trainval_camera_139.tgz	2798203960	HF tree API size @ a76f840b65e972bc45e56c2adced897498e9a026	nuPlan lineage, archive SHA unverified	public	compressed object or JSON	https://huggingface.co/datasets/OpenDriveLab/OpenScene/blob/a76f840b65e972bc45e56c2adced897498e9a026/openscene-v1.1/openscene_sensor_trainval_camera/openscene_sensor_trainval_camera_139.tgz
OpenScene	v1.1	trainval	camera	openscene-v1.1/openscene_sensor_trainval_camera/openscene_sensor_trainval_camera_14.tgz	4175911641	HF tree API size @ a76f840b65e972bc45e56c2adced897498e9a026	nuPlan lineage, archive SHA unverified	public	compressed object or JSON	https://huggingface.co/datasets/OpenDriveLab/OpenScene/blob/a76f840b65e972bc45e56c2adced897498e9a026/openscene-v1.1/openscene_sensor_trainval_camera/openscene_sensor_trainval_camera_14.tgz
OpenScene	v1.1	trainval	camera	openscene-v1.1/openscene_sensor_trainval_camera/openscene_sensor_trainval_camera_140.tgz	4048577567	HF tree API size @ a76f840b65e972bc45e56c2adced897498e9a026	nuPlan lineage, archive SHA unverified	public	compressed object or JSON	https://huggingface.co/datasets/OpenDriveLab/OpenScene/blob/a76f840b65e972bc45e56c2adced897498e9a026/openscene-v1.1/openscene_sensor_trainval_camera/openscene_sensor_trainval_camera_140.tgz
OpenScene	v1.1	trainval	camera	openscene-v1.1/openscene_sensor_trainval_camera/openscene_sensor_trainval_camera_141.tgz	5442199435	HF tree API size @ a76f840b65e972bc45e56c2adced897498e9a026	nuPlan lineage, archive SHA unverified	public	compressed object or JSON	https://huggingface.co/datasets/OpenDriveLab/OpenScene/blob/a76f840b65e972bc45e56c2adced897498e9a026/openscene-v1.1/openscene_sensor_trainval_camera/openscene_sensor_trainval_camera_141.tgz
OpenScene	v1.1	trainval	camera	openscene-v1.1/openscene_sensor_trainval_camera/openscene_sensor_trainval_camera_142.tgz	3125691047	HF tree API size @ a76f840b65e972bc45e56c2adced897498e9a026	nuPlan lineage, archive SHA unverified	public	compressed object or JSON	https://huggingface.co/datasets/OpenDriveLab/OpenScene/blob/a76f840b65e972bc45e56c2adced897498e9a026/openscene-v1.1/openscene_sensor_trainval_camera/openscene_sensor_trainval_camera_142.tgz
OpenScene	v1.1	trainval	camera	openscene-v1.1/openscene_sensor_trainval_camera/openscene_sensor_trainval_camera_143.tgz	2458020114	HF tree API size @ a76f840b65e972bc45e56c2adced897498e9a026	nuPlan lineage, archive SHA unverified	public	compressed object or JSON	https://huggingface.co/datasets/OpenDriveLab/OpenScene/blob/a76f840b65e972bc45e56c2adced897498e9a026/openscene-v1.1/openscene_sensor_trainval_camera/openscene_sensor_trainval_camera_143.tgz
OpenScene	v1.1	trainval	camera	openscene-v1.1/openscene_sensor_trainval_camera/openscene_sensor_trainval_camera_144.tgz	2189136850	HF tree API size @ a76f840b65e972bc45e56c2adced897498e9a026	nuPlan lineage, archive SHA unverified	public	compressed object or JSON	https://huggingface.co/datasets/OpenDriveLab/OpenScene/blob/a76f840b65e972bc45e56c2adced897498e9a026/openscene-v1.1/openscene_sensor_trainval_camera/openscene_sensor_trainval_camera_144.tgz
OpenScene	v1.1	trainval	camera	openscene-v1.1/openscene_sensor_trainval_camera/openscene_sensor_trainval_camera_145.tgz	3768687977	HF tree API size @ a76f840b65e972bc45e56c2adced897498e9a026	nuPlan lineage, archive SHA unverified	public	compressed object or JSON	https://huggingface.co/datasets/OpenDriveLab/OpenScene/blob/a76f840b65e972bc45e56c2adced897498e9a026/openscene-v1.1/openscene_sensor_trainval_camera/openscene_sensor_trainval_camera_145.tgz
OpenScene	v1.1	trainval	camera	openscene-v1.1/openscene_sensor_trainval_camera/openscene_sensor_trainval_camera_146.tgz	1772587391	HF tree API size @ a76f840b65e972bc45e56c2adced897498e9a026	nuPlan lineage, archive SHA unverified	public	compressed object or JSON	https://huggingface.co/datasets/OpenDriveLab/OpenScene/blob/a76f840b65e972bc45e56c2adced897498e9a026/openscene-v1.1/openscene_sensor_trainval_camera/openscene_sensor_trainval_camera_146.tgz
OpenScene	v1.1	trainval	camera	openscene-v1.1/openscene_sensor_trainval_camera/openscene_sensor_trainval_camera_147.tgz	10768523600	HF tree API size @ a76f840b65e972bc45e56c2adced897498e9a026	nuPlan lineage, archive SHA unverified	public	compressed object or JSON	https://huggingface.co/datasets/OpenDriveLab/OpenScene/blob/a76f840b65e972bc45e56c2adced897498e9a026/openscene-v1.1/openscene_sensor_trainval_camera/openscene_sensor_trainval_camera_147.tgz
OpenScene	v1.1	trainval	camera	openscene-v1.1/openscene_sensor_trainval_camera/openscene_sensor_trainval_camera_148.tgz	3546901626	HF tree API size @ a76f840b65e972bc45e56c2adced897498e9a026	nuPlan lineage, archive SHA unverified	public	compressed object or JSON	https://huggingface.co/datasets/OpenDriveLab/OpenScene/blob/a76f840b65e972bc45e56c2adced897498e9a026/openscene-v1.1/openscene_sensor_trainval_camera/openscene_sensor_trainval_camera_148.tgz
OpenScene	v1.1	trainval	camera	openscene-v1.1/openscene_sensor_trainval_camera/openscene_sensor_trainval_camera_149.tgz	6804921877	HF tree API size @ a76f840b65e972bc45e56c2adced897498e9a026	nuPlan lineage, archive SHA unverified	public	compressed object or JSON	https://huggingface.co/datasets/OpenDriveLab/OpenScene/blob/a76f840b65e972bc45e56c2adced897498e9a026/openscene-v1.1/openscene_sensor_trainval_camera/openscene_sensor_trainval_camera_149.tgz
OpenScene	v1.1	trainval	camera	openscene-v1.1/openscene_sensor_trainval_camera/openscene_sensor_trainval_camera_15.tgz	7215631954	HF tree API size @ a76f840b65e972bc45e56c2adced897498e9a026	nuPlan lineage, archive SHA unverified	public	compressed object or JSON	https://huggingface.co/datasets/OpenDriveLab/OpenScene/blob/a76f840b65e972bc45e56c2adced897498e9a026/openscene-v1.1/openscene_sensor_trainval_camera/openscene_sensor_trainval_camera_15.tgz
OpenScene	v1.1	trainval	camera	openscene-v1.1/openscene_sensor_trainval_camera/openscene_sensor_trainval_camera_150.tgz	4903312201	HF tree API size @ a76f840b65e972bc45e56c2adced897498e9a026	nuPlan lineage, archive SHA unverified	public	compressed object or JSON	https://huggingface.co/datasets/OpenDriveLab/OpenScene/blob/a76f840b65e972bc45e56c2adced897498e9a026/openscene-v1.1/openscene_sensor_trainval_camera/openscene_sensor_trainval_camera_150.tgz
OpenScene	v1.1	trainval	camera	openscene-v1.1/openscene_sensor_trainval_camera/openscene_sensor_trainval_camera_151.tgz	8232978034	HF tree API size @ a76f840b65e972bc45e56c2adced897498e9a026	nuPlan lineage, archive SHA unverified	public	compressed object or JSON	https://huggingface.co/datasets/OpenDriveLab/OpenScene/blob/a76f840b65e972bc45e56c2adced897498e9a026/openscene-v1.1/openscene_sensor_trainval_camera/openscene_sensor_trainval_camera_151.tgz
OpenScene	v1.1	trainval	camera	openscene-v1.1/openscene_sensor_trainval_camera/openscene_sensor_trainval_camera_152.tgz	4962481703	HF tree API size @ a76f840b65e972bc45e56c2adced897498e9a026	nuPlan lineage, archive SHA unverified	public	compressed object or JSON	https://huggingface.co/datasets/OpenDriveLab/OpenScene/blob/a76f840b65e972bc45e56c2adced897498e9a026/openscene-v1.1/openscene_sensor_trainval_camera/openscene_sensor_trainval_camera_152.tgz
OpenScene	v1.1	trainval	camera	openscene-v1.1/openscene_sensor_trainval_camera/openscene_sensor_trainval_camera_153.tgz	16063322053	HF tree API size @ a76f840b65e972bc45e56c2adced897498e9a026	nuPlan lineage, archive SHA unverified	public	compressed object or JSON	https://huggingface.co/datasets/OpenDriveLab/OpenScene/blob/a76f840b65e972bc45e56c2adced897498e9a026/openscene-v1.1/openscene_sensor_trainval_camera/openscene_sensor_trainval_camera_153.tgz
OpenScene	v1.1	trainval	camera	openscene-v1.1/openscene_sensor_trainval_camera/openscene_sensor_trainval_camera_154.tgz	6088725038	HF tree API size @ a76f840b65e972bc45e56c2adced897498e9a026	nuPlan lineage, archive SHA unverified	public	compressed object or JSON	https://huggingface.co/datasets/OpenDriveLab/OpenScene/blob/a76f840b65e972bc45e56c2adced897498e9a026/openscene-v1.1/openscene_sensor_trainval_camera/openscene_sensor_trainval_camera_154.tgz
OpenScene	v1.1	trainval	camera	openscene-v1.1/openscene_sensor_trainval_camera/openscene_sensor_trainval_camera_155.tgz	3299181391	HF tree API size @ a76f840b65e972bc45e56c2adced897498e9a026	nuPlan lineage, archive SHA unverified	public	compressed object or JSON	https://huggingface.co/datasets/OpenDriveLab/OpenScene/blob/a76f840b65e972bc45e56c2adced897498e9a026/openscene-v1.1/openscene_sensor_trainval_camera/openscene_sensor_trainval_camera_155.tgz
OpenScene	v1.1	trainval	camera	openscene-v1.1/openscene_sensor_trainval_camera/openscene_sensor_trainval_camera_156.tgz	7259449749	HF tree API size @ a76f840b65e972bc45e56c2adced897498e9a026	nuPlan lineage, archive SHA unverified	public	compressed object or JSON	https://huggingface.co/datasets/OpenDriveLab/OpenScene/blob/a76f840b65e972bc45e56c2adced897498e9a026/openscene-v1.1/openscene_sensor_trainval_camera/openscene_sensor_trainval_camera_156.tgz
OpenScene	v1.1	trainval	camera	openscene-v1.1/openscene_sensor_trainval_camera/openscene_sensor_trainval_camera_157.tgz	3064355902	HF tree API size @ a76f840b65e972bc45e56c2adced897498e9a026	nuPlan lineage, archive SHA unverified	public	compressed object or JSON	https://huggingface.co/datasets/OpenDriveLab/OpenScene/blob/a76f840b65e972bc45e56c2adced897498e9a026/openscene-v1.1/openscene_sensor_trainval_camera/openscene_sensor_trainval_camera_157.tgz
OpenScene	v1.1	trainval	camera	openscene-v1.1/openscene_sensor_trainval_camera/openscene_sensor_trainval_camera_158.tgz	3481997093	HF tree API size @ a76f840b65e972bc45e56c2adced897498e9a026	nuPlan lineage, archive SHA unverified	public	compressed object or JSON	https://huggingface.co/datasets/OpenDriveLab/OpenScene/blob/a76f840b65e972bc45e56c2adced897498e9a026/openscene-v1.1/openscene_sensor_trainval_camera/openscene_sensor_trainval_camera_158.tgz
OpenScene	v1.1	trainval	camera	openscene-v1.1/openscene_sensor_trainval_camera/openscene_sensor_trainval_camera_159.tgz	5244311301	HF tree API size @ a76f840b65e972bc45e56c2adced897498e9a026	nuPlan lineage, archive SHA unverified	public	compressed object or JSON	https://huggingface.co/datasets/OpenDriveLab/OpenScene/blob/a76f840b65e972bc45e56c2adced897498e9a026/openscene-v1.1/openscene_sensor_trainval_camera/openscene_sensor_trainval_camera_159.tgz
OpenScene	v1.1	trainval	camera	openscene-v1.1/openscene_sensor_trainval_camera/openscene_sensor_trainval_camera_16.tgz	3522454309	HF tree API size @ a76f840b65e972bc45e56c2adced897498e9a026	nuPlan lineage, archive SHA unverified	public	compressed object or JSON	https://huggingface.co/datasets/OpenDriveLab/OpenScene/blob/a76f840b65e972bc45e56c2adced897498e9a026/openscene-v1.1/openscene_sensor_trainval_camera/openscene_sensor_trainval_camera_16.tgz
OpenScene	v1.1	trainval	camera	openscene-v1.1/openscene_sensor_trainval_camera/openscene_sensor_trainval_camera_160.tgz	5284883567	HF tree API size @ a76f840b65e972bc45e56c2adced897498e9a026	nuPlan lineage, archive SHA unverified	public	compressed object or JSON	https://huggingface.co/datasets/OpenDriveLab/OpenScene/blob/a76f840b65e972bc45e56c2adced897498e9a026/openscene-v1.1/openscene_sensor_trainval_camera/openscene_sensor_trainval_camera_160.tgz
OpenScene	v1.1	trainval	camera	openscene-v1.1/openscene_sensor_trainval_camera/openscene_sensor_trainval_camera_161.tgz	10013735039	HF tree API size @ a76f840b65e972bc45e56c2adced897498e9a026	nuPlan lineage, archive SHA unverified	public	compressed object or JSON	https://huggingface.co/datasets/OpenDriveLab/OpenScene/blob/a76f840b65e972bc45e56c2adced897498e9a026/openscene-v1.1/openscene_sensor_trainval_camera/openscene_sensor_trainval_camera_161.tgz
OpenScene	v1.1	trainval	camera	openscene-v1.1/openscene_sensor_trainval_camera/openscene_sensor_trainval_camera_162.tgz	4013314646	HF tree API size @ a76f840b65e972bc45e56c2adced897498e9a026	nuPlan lineage, archive SHA unverified	public	compressed object or JSON	https://huggingface.co/datasets/OpenDriveLab/OpenScene/blob/a76f840b65e972bc45e56c2adced897498e9a026/openscene-v1.1/openscene_sensor_trainval_camera/openscene_sensor_trainval_camera_162.tgz
OpenScene	v1.1	trainval	camera	openscene-v1.1/openscene_sensor_trainval_camera/openscene_sensor_trainval_camera_163.tgz	2973215087	HF tree API size @ a76f840b65e972bc45e56c2adced897498e9a026	nuPlan lineage, archive SHA unverified	public	compressed object or JSON	https://huggingface.co/datasets/OpenDriveLab/OpenScene/blob/a76f840b65e972bc45e56c2adced897498e9a026/openscene-v1.1/openscene_sensor_trainval_camera/openscene_sensor_trainval_camera_163.tgz
OpenScene	v1.1	trainval	camera	openscene-v1.1/openscene_sensor_trainval_camera/openscene_sensor_trainval_camera_164.tgz	5709257856	HF tree API size @ a76f840b65e972bc45e56c2adced897498e9a026	nuPlan lineage, archive SHA unverified	public	compressed object or JSON	https://huggingface.co/datasets/OpenDriveLab/OpenScene/blob/a76f840b65e972bc45e56c2adced897498e9a026/openscene-v1.1/openscene_sensor_trainval_camera/openscene_sensor_trainval_camera_164.tgz
OpenScene	v1.1	trainval	camera	openscene-v1.1/openscene_sensor_trainval_camera/openscene_sensor_trainval_camera_165.tgz	7110484422	HF tree API size @ a76f840b65e972bc45e56c2adced897498e9a026	nuPlan lineage, archive SHA unverified	public	compressed object or JSON	https://huggingface.co/datasets/OpenDriveLab/OpenScene/blob/a76f840b65e972bc45e56c2adced897498e9a026/openscene-v1.1/openscene_sensor_trainval_camera/openscene_sensor_trainval_camera_165.tgz
OpenScene	v1.1	trainval	camera	openscene-v1.1/openscene_sensor_trainval_camera/openscene_sensor_trainval_camera_166.tgz	7495850545	HF tree API size @ a76f840b65e972bc45e56c2adced897498e9a026	nuPlan lineage, archive SHA unverified	public	compressed object or JSON	https://huggingface.co/datasets/OpenDriveLab/OpenScene/blob/a76f840b65e972bc45e56c2adced897498e9a026/openscene-v1.1/openscene_sensor_trainval_camera/openscene_sensor_trainval_camera_166.tgz
OpenScene	v1.1	trainval	camera	openscene-v1.1/openscene_sensor_trainval_camera/openscene_sensor_trainval_camera_167.tgz	4046465984	HF tree API size @ a76f840b65e972bc45e56c2adced897498e9a026	nuPlan lineage, archive SHA unverified	public	compressed object or JSON	https://huggingface.co/datasets/OpenDriveLab/OpenScene/blob/a76f840b65e972bc45e56c2adced897498e9a026/openscene-v1.1/openscene_sensor_trainval_camera/openscene_sensor_trainval_camera_167.tgz
OpenScene	v1.1	trainval	camera	openscene-v1.1/openscene_sensor_trainval_camera/openscene_sensor_trainval_camera_168.tgz	5923860180	HF tree API size @ a76f840b65e972bc45e56c2adced897498e9a026	nuPlan lineage, archive SHA unverified	public	compressed object or JSON	https://huggingface.co/datasets/OpenDriveLab/OpenScene/blob/a76f840b65e972bc45e56c2adced897498e9a026/openscene-v1.1/openscene_sensor_trainval_camera/openscene_sensor_trainval_camera_168.tgz
OpenScene	v1.1	trainval	camera	openscene-v1.1/openscene_sensor_trainval_camera/openscene_sensor_trainval_camera_169.tgz	6360475387	HF tree API size @ a76f840b65e972bc45e56c2adced897498e9a026	nuPlan lineage, archive SHA unverified	public	compressed object or JSON	https://huggingface.co/datasets/OpenDriveLab/OpenScene/blob/a76f840b65e972bc45e56c2adced897498e9a026/openscene-v1.1/openscene_sensor_trainval_camera/openscene_sensor_trainval_camera_169.tgz
OpenScene	v1.1	trainval	camera	openscene-v1.1/openscene_sensor_trainval_camera/openscene_sensor_trainval_camera_17.tgz	12696865406	HF tree API size @ a76f840b65e972bc45e56c2adced897498e9a026	nuPlan lineage, archive SHA unverified	public	compressed object or JSON	https://huggingface.co/datasets/OpenDriveLab/OpenScene/blob/a76f840b65e972bc45e56c2adced897498e9a026/openscene-v1.1/openscene_sensor_trainval_camera/openscene_sensor_trainval_camera_17.tgz
OpenScene	v1.1	trainval	camera	openscene-v1.1/openscene_sensor_trainval_camera/openscene_sensor_trainval_camera_170.tgz	5198570778	HF tree API size @ a76f840b65e972bc45e56c2adced897498e9a026	nuPlan lineage, archive SHA unverified	public	compressed object or JSON	https://huggingface.co/datasets/OpenDriveLab/OpenScene/blob/a76f840b65e972bc45e56c2adced897498e9a026/openscene-v1.1/openscene_sensor_trainval_camera/openscene_sensor_trainval_camera_170.tgz
OpenScene	v1.1	trainval	camera	openscene-v1.1/openscene_sensor_trainval_camera/openscene_sensor_trainval_camera_171.tgz	3911824902	HF tree API size @ a76f840b65e972bc45e56c2adced897498e9a026	nuPlan lineage, archive SHA unverified	public	compressed object or JSON	https://huggingface.co/datasets/OpenDriveLab/OpenScene/blob/a76f840b65e972bc45e56c2adced897498e9a026/openscene-v1.1/openscene_sensor_trainval_camera/openscene_sensor_trainval_camera_171.tgz
OpenScene	v1.1	trainval	camera	openscene-v1.1/openscene_sensor_trainval_camera/openscene_sensor_trainval_camera_172.tgz	4155977304	HF tree API size @ a76f840b65e972bc45e56c2adced897498e9a026	nuPlan lineage, archive SHA unverified	public	compressed object or JSON	https://huggingface.co/datasets/OpenDriveLab/OpenScene/blob/a76f840b65e972bc45e56c2adced897498e9a026/openscene-v1.1/openscene_sensor_trainval_camera/openscene_sensor_trainval_camera_172.tgz
OpenScene	v1.1	trainval	camera	openscene-v1.1/openscene_sensor_trainval_camera/openscene_sensor_trainval_camera_173.tgz	4550879037	HF tree API size @ a76f840b65e972bc45e56c2adced897498e9a026	nuPlan lineage, archive SHA unverified	public	compressed object or JSON	https://huggingface.co/datasets/OpenDriveLab/OpenScene/blob/a76f840b65e972bc45e56c2adced897498e9a026/openscene-v1.1/openscene_sensor_trainval_camera/openscene_sensor_trainval_camera_173.tgz
OpenScene	v1.1	trainval	camera	openscene-v1.1/openscene_sensor_trainval_camera/openscene_sensor_trainval_camera_174.tgz	8427621512	HF tree API size @ a76f840b65e972bc45e56c2adced897498e9a026	nuPlan lineage, archive SHA unverified	public	compressed object or JSON	https://huggingface.co/datasets/OpenDriveLab/OpenScene/blob/a76f840b65e972bc45e56c2adced897498e9a026/openscene-v1.1/openscene_sensor_trainval_camera/openscene_sensor_trainval_camera_174.tgz
OpenScene	v1.1	trainval	camera	openscene-v1.1/openscene_sensor_trainval_camera/openscene_sensor_trainval_camera_175.tgz	5509063059	HF tree API size @ a76f840b65e972bc45e56c2adced897498e9a026	nuPlan lineage, archive SHA unverified	public	compressed object or JSON	https://huggingface.co/datasets/OpenDriveLab/OpenScene/blob/a76f840b65e972bc45e56c2adced897498e9a026/openscene-v1.1/openscene_sensor_trainval_camera/openscene_sensor_trainval_camera_175.tgz
OpenScene	v1.1	trainval	camera	openscene-v1.1/openscene_sensor_trainval_camera/openscene_sensor_trainval_camera_176.tgz	7066513233	HF tree API size @ a76f840b65e972bc45e56c2adced897498e9a026	nuPlan lineage, archive SHA unverified	public	compressed object or JSON	https://huggingface.co/datasets/OpenDriveLab/OpenScene/blob/a76f840b65e972bc45e56c2adced897498e9a026/openscene-v1.1/openscene_sensor_trainval_camera/openscene_sensor_trainval_camera_176.tgz
OpenScene	v1.1	trainval	camera	openscene-v1.1/openscene_sensor_trainval_camera/openscene_sensor_trainval_camera_177.tgz	5207970600	HF tree API size @ a76f840b65e972bc45e56c2adced897498e9a026	nuPlan lineage, archive SHA unverified	public	compressed object or JSON	https://huggingface.co/datasets/OpenDriveLab/OpenScene/blob/a76f840b65e972bc45e56c2adced897498e9a026/openscene-v1.1/openscene_sensor_trainval_camera/openscene_sensor_trainval_camera_177.tgz
OpenScene	v1.1	trainval	camera	openscene-v1.1/openscene_sensor_trainval_camera/openscene_sensor_trainval_camera_178.tgz	3292216828	HF tree API size @ a76f840b65e972bc45e56c2adced897498e9a026	nuPlan lineage, archive SHA unverified	public	compressed object or JSON	https://huggingface.co/datasets/OpenDriveLab/OpenScene/blob/a76f840b65e972bc45e56c2adced897498e9a026/openscene-v1.1/openscene_sensor_trainval_camera/openscene_sensor_trainval_camera_178.tgz
OpenScene	v1.1	trainval	camera	openscene-v1.1/openscene_sensor_trainval_camera/openscene_sensor_trainval_camera_179.tgz	5106146172	HF tree API size @ a76f840b65e972bc45e56c2adced897498e9a026	nuPlan lineage, archive SHA unverified	public	compressed object or JSON	https://huggingface.co/datasets/OpenDriveLab/OpenScene/blob/a76f840b65e972bc45e56c2adced897498e9a026/openscene-v1.1/openscene_sensor_trainval_camera/openscene_sensor_trainval_camera_179.tgz
OpenScene	v1.1	trainval	camera	openscene-v1.1/openscene_sensor_trainval_camera/openscene_sensor_trainval_camera_18.tgz	3368316082	HF tree API size @ a76f840b65e972bc45e56c2adced897498e9a026	nuPlan lineage, archive SHA unverified	public	compressed object or JSON	https://huggingface.co/datasets/OpenDriveLab/OpenScene/blob/a76f840b65e972bc45e56c2adced897498e9a026/openscene-v1.1/openscene_sensor_trainval_camera/openscene_sensor_trainval_camera_18.tgz
OpenScene	v1.1	trainval	camera	openscene-v1.1/openscene_sensor_trainval_camera/openscene_sensor_trainval_camera_180.tgz	13360813958	HF tree API size @ a76f840b65e972bc45e56c2adced897498e9a026	nuPlan lineage, archive SHA unverified	public	compressed object or JSON	https://huggingface.co/datasets/OpenDriveLab/OpenScene/blob/a76f840b65e972bc45e56c2adced897498e9a026/openscene-v1.1/openscene_sensor_trainval_camera/openscene_sensor_trainval_camera_180.tgz
OpenScene	v1.1	trainval	camera	openscene-v1.1/openscene_sensor_trainval_camera/openscene_sensor_trainval_camera_181.tgz	8239603739	HF tree API size @ a76f840b65e972bc45e56c2adced897498e9a026	nuPlan lineage, archive SHA unverified	public	compressed object or JSON	https://huggingface.co/datasets/OpenDriveLab/OpenScene/blob/a76f840b65e972bc45e56c2adced897498e9a026/openscene-v1.1/openscene_sensor_trainval_camera/openscene_sensor_trainval_camera_181.tgz
OpenScene	v1.1	trainval	camera	openscene-v1.1/openscene_sensor_trainval_camera/openscene_sensor_trainval_camera_182.tgz	4023212007	HF tree API size @ a76f840b65e972bc45e56c2adced897498e9a026	nuPlan lineage, archive SHA unverified	public	compressed object or JSON	https://huggingface.co/datasets/OpenDriveLab/OpenScene/blob/a76f840b65e972bc45e56c2adced897498e9a026/openscene-v1.1/openscene_sensor_trainval_camera/openscene_sensor_trainval_camera_182.tgz
OpenScene	v1.1	trainval	camera	openscene-v1.1/openscene_sensor_trainval_camera/openscene_sensor_trainval_camera_183.tgz	3935364345	HF tree API size @ a76f840b65e972bc45e56c2adced897498e9a026	nuPlan lineage, archive SHA unverified	public	compressed object or JSON	https://huggingface.co/datasets/OpenDriveLab/OpenScene/blob/a76f840b65e972bc45e56c2adced897498e9a026/openscene-v1.1/openscene_sensor_trainval_camera/openscene_sensor_trainval_camera_183.tgz
OpenScene	v1.1	trainval	camera	openscene-v1.1/openscene_sensor_trainval_camera/openscene_sensor_trainval_camera_184.tgz	4639069278	HF tree API size @ a76f840b65e972bc45e56c2adced897498e9a026	nuPlan lineage, archive SHA unverified	public	compressed object or JSON	https://huggingface.co/datasets/OpenDriveLab/OpenScene/blob/a76f840b65e972bc45e56c2adced897498e9a026/openscene-v1.1/openscene_sensor_trainval_camera/openscene_sensor_trainval_camera_184.tgz
OpenScene	v1.1	trainval	camera	openscene-v1.1/openscene_sensor_trainval_camera/openscene_sensor_trainval_camera_185.tgz	4628923851	HF tree API size @ a76f840b65e972bc45e56c2adced897498e9a026	nuPlan lineage, archive SHA unverified	public	compressed object or JSON	https://huggingface.co/datasets/OpenDriveLab/OpenScene/blob/a76f840b65e972bc45e56c2adced897498e9a026/openscene-v1.1/openscene_sensor_trainval_camera/openscene_sensor_trainval_camera_185.tgz
OpenScene	v1.1	trainval	camera	openscene-v1.1/openscene_sensor_trainval_camera/openscene_sensor_trainval_camera_186.tgz	7946115586	HF tree API size @ a76f840b65e972bc45e56c2adced897498e9a026	nuPlan lineage, archive SHA unverified	public	compressed object or JSON	https://huggingface.co/datasets/OpenDriveLab/OpenScene/blob/a76f840b65e972bc45e56c2adced897498e9a026/openscene-v1.1/openscene_sensor_trainval_camera/openscene_sensor_trainval_camera_186.tgz
OpenScene	v1.1	trainval	camera	openscene-v1.1/openscene_sensor_trainval_camera/openscene_sensor_trainval_camera_187.tgz	5136711555	HF tree API size @ a76f840b65e972bc45e56c2adced897498e9a026	nuPlan lineage, archive SHA unverified	public	compressed object or JSON	https://huggingface.co/datasets/OpenDriveLab/OpenScene/blob/a76f840b65e972bc45e56c2adced897498e9a026/openscene-v1.1/openscene_sensor_trainval_camera/openscene_sensor_trainval_camera_187.tgz
OpenScene	v1.1	trainval	camera	openscene-v1.1/openscene_sensor_trainval_camera/openscene_sensor_trainval_camera_188.tgz	4033973679	HF tree API size @ a76f840b65e972bc45e56c2adced897498e9a026	nuPlan lineage, archive SHA unverified	public	compressed object or JSON	https://huggingface.co/datasets/OpenDriveLab/OpenScene/blob/a76f840b65e972bc45e56c2adced897498e9a026/openscene-v1.1/openscene_sensor_trainval_camera/openscene_sensor_trainval_camera_188.tgz
OpenScene	v1.1	trainval	camera	openscene-v1.1/openscene_sensor_trainval_camera/openscene_sensor_trainval_camera_189.tgz	5847696996	HF tree API size @ a76f840b65e972bc45e56c2adced897498e9a026	nuPlan lineage, archive SHA unverified	public	compressed object or JSON	https://huggingface.co/datasets/OpenDriveLab/OpenScene/blob/a76f840b65e972bc45e56c2adced897498e9a026/openscene-v1.1/openscene_sensor_trainval_camera/openscene_sensor_trainval_camera_189.tgz
OpenScene	v1.1	trainval	camera	openscene-v1.1/openscene_sensor_trainval_camera/openscene_sensor_trainval_camera_19.tgz	4397351699	HF tree API size @ a76f840b65e972bc45e56c2adced897498e9a026	nuPlan lineage, archive SHA unverified	public	compressed object or JSON	https://huggingface.co/datasets/OpenDriveLab/OpenScene/blob/a76f840b65e972bc45e56c2adced897498e9a026/openscene-v1.1/openscene_sensor_trainval_camera/openscene_sensor_trainval_camera_19.tgz
OpenScene	v1.1	trainval	camera	openscene-v1.1/openscene_sensor_trainval_camera/openscene_sensor_trainval_camera_190.tgz	3731960700	HF tree API size @ a76f840b65e972bc45e56c2adced897498e9a026	nuPlan lineage, archive SHA unverified	public	compressed object or JSON	https://huggingface.co/datasets/OpenDriveLab/OpenScene/blob/a76f840b65e972bc45e56c2adced897498e9a026/openscene-v1.1/openscene_sensor_trainval_camera/openscene_sensor_trainval_camera_190.tgz
OpenScene	v1.1	trainval	camera	openscene-v1.1/openscene_sensor_trainval_camera/openscene_sensor_trainval_camera_191.tgz	15824878879	HF tree API size @ a76f840b65e972bc45e56c2adced897498e9a026	nuPlan lineage, archive SHA unverified	public	compressed object or JSON	https://huggingface.co/datasets/OpenDriveLab/OpenScene/blob/a76f840b65e972bc45e56c2adced897498e9a026/openscene-v1.1/openscene_sensor_trainval_camera/openscene_sensor_trainval_camera_191.tgz
OpenScene	v1.1	trainval	camera	openscene-v1.1/openscene_sensor_trainval_camera/openscene_sensor_trainval_camera_192.tgz	3975555326	HF tree API size @ a76f840b65e972bc45e56c2adced897498e9a026	nuPlan lineage, archive SHA unverified	public	compressed object or JSON	https://huggingface.co/datasets/OpenDriveLab/OpenScene/blob/a76f840b65e972bc45e56c2adced897498e9a026/openscene-v1.1/openscene_sensor_trainval_camera/openscene_sensor_trainval_camera_192.tgz
OpenScene	v1.1	trainval	camera	openscene-v1.1/openscene_sensor_trainval_camera/openscene_sensor_trainval_camera_193.tgz	5871673516	HF tree API size @ a76f840b65e972bc45e56c2adced897498e9a026	nuPlan lineage, archive SHA unverified	public	compressed object or JSON	https://huggingface.co/datasets/OpenDriveLab/OpenScene/blob/a76f840b65e972bc45e56c2adced897498e9a026/openscene-v1.1/openscene_sensor_trainval_camera/openscene_sensor_trainval_camera_193.tgz
OpenScene	v1.1	trainval	camera	openscene-v1.1/openscene_sensor_trainval_camera/openscene_sensor_trainval_camera_194.tgz	6256567351	HF tree API size @ a76f840b65e972bc45e56c2adced897498e9a026	nuPlan lineage, archive SHA unverified	public	compressed object or JSON	https://huggingface.co/datasets/OpenDriveLab/OpenScene/blob/a76f840b65e972bc45e56c2adced897498e9a026/openscene-v1.1/openscene_sensor_trainval_camera/openscene_sensor_trainval_camera_194.tgz
OpenScene	v1.1	trainval	camera	openscene-v1.1/openscene_sensor_trainval_camera/openscene_sensor_trainval_camera_195.tgz	9359305593	HF tree API size @ a76f840b65e972bc45e56c2adced897498e9a026	nuPlan lineage, archive SHA unverified	public	compressed object or JSON	https://huggingface.co/datasets/OpenDriveLab/OpenScene/blob/a76f840b65e972bc45e56c2adced897498e9a026/openscene-v1.1/openscene_sensor_trainval_camera/openscene_sensor_trainval_camera_195.tgz
OpenScene	v1.1	trainval	camera	openscene-v1.1/openscene_sensor_trainval_camera/openscene_sensor_trainval_camera_196.tgz	7847055237	HF tree API size @ a76f840b65e972bc45e56c2adced897498e9a026	nuPlan lineage, archive SHA unverified	public	compressed object or JSON	https://huggingface.co/datasets/OpenDriveLab/OpenScene/blob/a76f840b65e972bc45e56c2adced897498e9a026/openscene-v1.1/openscene_sensor_trainval_camera/openscene_sensor_trainval_camera_196.tgz
OpenScene	v1.1	trainval	camera	openscene-v1.1/openscene_sensor_trainval_camera/openscene_sensor_trainval_camera_197.tgz	3736922889	HF tree API size @ a76f840b65e972bc45e56c2adced897498e9a026	nuPlan lineage, archive SHA unverified	public	compressed object or JSON	https://huggingface.co/datasets/OpenDriveLab/OpenScene/blob/a76f840b65e972bc45e56c2adced897498e9a026/openscene-v1.1/openscene_sensor_trainval_camera/openscene_sensor_trainval_camera_197.tgz
OpenScene	v1.1	trainval	camera	openscene-v1.1/openscene_sensor_trainval_camera/openscene_sensor_trainval_camera_198.tgz	6971013175	HF tree API size @ a76f840b65e972bc45e56c2adced897498e9a026	nuPlan lineage, archive SHA unverified	public	compressed object or JSON	https://huggingface.co/datasets/OpenDriveLab/OpenScene/blob/a76f840b65e972bc45e56c2adced897498e9a026/openscene-v1.1/openscene_sensor_trainval_camera/openscene_sensor_trainval_camera_198.tgz
OpenScene	v1.1	trainval	camera	openscene-v1.1/openscene_sensor_trainval_camera/openscene_sensor_trainval_camera_199.tgz	4210008448	HF tree API size @ a76f840b65e972bc45e56c2adced897498e9a026	nuPlan lineage, archive SHA unverified	public	compressed object or JSON	https://huggingface.co/datasets/OpenDriveLab/OpenScene/blob/a76f840b65e972bc45e56c2adced897498e9a026/openscene-v1.1/openscene_sensor_trainval_camera/openscene_sensor_trainval_camera_199.tgz
OpenScene	v1.1	trainval	camera	openscene-v1.1/openscene_sensor_trainval_camera/openscene_sensor_trainval_camera_2.tgz	9037230621	HF tree API size @ a76f840b65e972bc45e56c2adced897498e9a026	nuPlan lineage, archive SHA unverified	public	compressed object or JSON	https://huggingface.co/datasets/OpenDriveLab/OpenScene/blob/a76f840b65e972bc45e56c2adced897498e9a026/openscene-v1.1/openscene_sensor_trainval_camera/openscene_sensor_trainval_camera_2.tgz
OpenScene	v1.1	trainval	camera	openscene-v1.1/openscene_sensor_trainval_camera/openscene_sensor_trainval_camera_20.tgz	14471738765	HF tree API size @ a76f840b65e972bc45e56c2adced897498e9a026	nuPlan lineage, archive SHA unverified	public	compressed object or JSON	https://huggingface.co/datasets/OpenDriveLab/OpenScene/blob/a76f840b65e972bc45e56c2adced897498e9a026/openscene-v1.1/openscene_sensor_trainval_camera/openscene_sensor_trainval_camera_20.tgz
OpenScene	v1.1	trainval	camera	openscene-v1.1/openscene_sensor_trainval_camera/openscene_sensor_trainval_camera_21.tgz	3394483123	HF tree API size @ a76f840b65e972bc45e56c2adced897498e9a026	nuPlan lineage, archive SHA unverified	public	compressed object or JSON	https://huggingface.co/datasets/OpenDriveLab/OpenScene/blob/a76f840b65e972bc45e56c2adced897498e9a026/openscene-v1.1/openscene_sensor_trainval_camera/openscene_sensor_trainval_camera_21.tgz
OpenScene	v1.1	trainval	camera	openscene-v1.1/openscene_sensor_trainval_camera/openscene_sensor_trainval_camera_22.tgz	4507311137	HF tree API size @ a76f840b65e972bc45e56c2adced897498e9a026	nuPlan lineage, archive SHA unverified	public	compressed object or JSON	https://huggingface.co/datasets/OpenDriveLab/OpenScene/blob/a76f840b65e972bc45e56c2adced897498e9a026/openscene-v1.1/openscene_sensor_trainval_camera/openscene_sensor_trainval_camera_22.tgz
OpenScene	v1.1	trainval	camera	openscene-v1.1/openscene_sensor_trainval_camera/openscene_sensor_trainval_camera_23.tgz	3508775313	HF tree API size @ a76f840b65e972bc45e56c2adced897498e9a026	nuPlan lineage, archive SHA unverified	public	compressed object or JSON	https://huggingface.co/datasets/OpenDriveLab/OpenScene/blob/a76f840b65e972bc45e56c2adced897498e9a026/openscene-v1.1/openscene_sensor_trainval_camera/openscene_sensor_trainval_camera_23.tgz
OpenScene	v1.1	trainval	camera	openscene-v1.1/openscene_sensor_trainval_camera/openscene_sensor_trainval_camera_24.tgz	11435766484	HF tree API size @ a76f840b65e972bc45e56c2adced897498e9a026	nuPlan lineage, archive SHA unverified	public	compressed object or JSON	https://huggingface.co/datasets/OpenDriveLab/OpenScene/blob/a76f840b65e972bc45e56c2adced897498e9a026/openscene-v1.1/openscene_sensor_trainval_camera/openscene_sensor_trainval_camera_24.tgz
OpenScene	v1.1	trainval	camera	openscene-v1.1/openscene_sensor_trainval_camera/openscene_sensor_trainval_camera_25.tgz	13031823247	HF tree API size @ a76f840b65e972bc45e56c2adced897498e9a026	nuPlan lineage, archive SHA unverified	public	compressed object or JSON	https://huggingface.co/datasets/OpenDriveLab/OpenScene/blob/a76f840b65e972bc45e56c2adced897498e9a026/openscene-v1.1/openscene_sensor_trainval_camera/openscene_sensor_trainval_camera_25.tgz
OpenScene	v1.1	trainval	camera	openscene-v1.1/openscene_sensor_trainval_camera/openscene_sensor_trainval_camera_26.tgz	5396602196	HF tree API size @ a76f840b65e972bc45e56c2adced897498e9a026	nuPlan lineage, archive SHA unverified	public	compressed object or JSON	https://huggingface.co/datasets/OpenDriveLab/OpenScene/blob/a76f840b65e972bc45e56c2adced897498e9a026/openscene-v1.1/openscene_sensor_trainval_camera/openscene_sensor_trainval_camera_26.tgz
OpenScene	v1.1	trainval	camera	openscene-v1.1/openscene_sensor_trainval_camera/openscene_sensor_trainval_camera_27.tgz	7441183510	HF tree API size @ a76f840b65e972bc45e56c2adced897498e9a026	nuPlan lineage, archive SHA unverified	public	compressed object or JSON	https://huggingface.co/datasets/OpenDriveLab/OpenScene/blob/a76f840b65e972bc45e56c2adced897498e9a026/openscene-v1.1/openscene_sensor_trainval_camera/openscene_sensor_trainval_camera_27.tgz
OpenScene	v1.1	trainval	camera	openscene-v1.1/openscene_sensor_trainval_camera/openscene_sensor_trainval_camera_28.tgz	6354709401	HF tree API size @ a76f840b65e972bc45e56c2adced897498e9a026	nuPlan lineage, archive SHA unverified	public	compressed object or JSON	https://huggingface.co/datasets/OpenDriveLab/OpenScene/blob/a76f840b65e972bc45e56c2adced897498e9a026/openscene-v1.1/openscene_sensor_trainval_camera/openscene_sensor_trainval_camera_28.tgz
OpenScene	v1.1	trainval	camera	openscene-v1.1/openscene_sensor_trainval_camera/openscene_sensor_trainval_camera_29.tgz	5946509565	HF tree API size @ a76f840b65e972bc45e56c2adced897498e9a026	nuPlan lineage, archive SHA unverified	public	compressed object or JSON	https://huggingface.co/datasets/OpenDriveLab/OpenScene/blob/a76f840b65e972bc45e56c2adced897498e9a026/openscene-v1.1/openscene_sensor_trainval_camera/openscene_sensor_trainval_camera_29.tgz
OpenScene	v1.1	trainval	camera	openscene-v1.1/openscene_sensor_trainval_camera/openscene_sensor_trainval_camera_3.tgz	3856766877	HF tree API size @ a76f840b65e972bc45e56c2adced897498e9a026	nuPlan lineage, archive SHA unverified	public	compressed object or JSON	https://huggingface.co/datasets/OpenDriveLab/OpenScene/blob/a76f840b65e972bc45e56c2adced897498e9a026/openscene-v1.1/openscene_sensor_trainval_camera/openscene_sensor_trainval_camera_3.tgz
OpenScene	v1.1	trainval	camera	openscene-v1.1/openscene_sensor_trainval_camera/openscene_sensor_trainval_camera_30.tgz	5789295214	HF tree API size @ a76f840b65e972bc45e56c2adced897498e9a026	nuPlan lineage, archive SHA unverified	public	compressed object or JSON	https://huggingface.co/datasets/OpenDriveLab/OpenScene/blob/a76f840b65e972bc45e56c2adced897498e9a026/openscene-v1.1/openscene_sensor_trainval_camera/openscene_sensor_trainval_camera_30.tgz
OpenScene	v1.1	trainval	camera	openscene-v1.1/openscene_sensor_trainval_camera/openscene_sensor_trainval_camera_31.tgz	4025038793	HF tree API size @ a76f840b65e972bc45e56c2adced897498e9a026	nuPlan lineage, archive SHA unverified	public	compressed object or JSON	https://huggingface.co/datasets/OpenDriveLab/OpenScene/blob/a76f840b65e972bc45e56c2adced897498e9a026/openscene-v1.1/openscene_sensor_trainval_camera/openscene_sensor_trainval_camera_31.tgz
OpenScene	v1.1	trainval	camera	openscene-v1.1/openscene_sensor_trainval_camera/openscene_sensor_trainval_camera_32.tgz	5250745108	HF tree API size @ a76f840b65e972bc45e56c2adced897498e9a026	nuPlan lineage, archive SHA unverified	public	compressed object or JSON	https://huggingface.co/datasets/OpenDriveLab/OpenScene/blob/a76f840b65e972bc45e56c2adced897498e9a026/openscene-v1.1/openscene_sensor_trainval_camera/openscene_sensor_trainval_camera_32.tgz
OpenScene	v1.1	trainval	camera	openscene-v1.1/openscene_sensor_trainval_camera/openscene_sensor_trainval_camera_33.tgz	6342970078	HF tree API size @ a76f840b65e972bc45e56c2adced897498e9a026	nuPlan lineage, archive SHA unverified	public	compressed object or JSON	https://huggingface.co/datasets/OpenDriveLab/OpenScene/blob/a76f840b65e972bc45e56c2adced897498e9a026/openscene-v1.1/openscene_sensor_trainval_camera/openscene_sensor_trainval_camera_33.tgz
OpenScene	v1.1	trainval	camera	openscene-v1.1/openscene_sensor_trainval_camera/openscene_sensor_trainval_camera_34.tgz	4191619288	HF tree API size @ a76f840b65e972bc45e56c2adced897498e9a026	nuPlan lineage, archive SHA unverified	public	compressed object or JSON	https://huggingface.co/datasets/OpenDriveLab/OpenScene/blob/a76f840b65e972bc45e56c2adced897498e9a026/openscene-v1.1/openscene_sensor_trainval_camera/openscene_sensor_trainval_camera_34.tgz
OpenScene	v1.1	trainval	camera	openscene-v1.1/openscene_sensor_trainval_camera/openscene_sensor_trainval_camera_35.tgz	5171465588	HF tree API size @ a76f840b65e972bc45e56c2adced897498e9a026	nuPlan lineage, archive SHA unverified	public	compressed object or JSON	https://huggingface.co/datasets/OpenDriveLab/OpenScene/blob/a76f840b65e972bc45e56c2adced897498e9a026/openscene-v1.1/openscene_sensor_trainval_camera/openscene_sensor_trainval_camera_35.tgz
OpenScene	v1.1	trainval	camera	openscene-v1.1/openscene_sensor_trainval_camera/openscene_sensor_trainval_camera_36.tgz	7810342180	HF tree API size @ a76f840b65e972bc45e56c2adced897498e9a026	nuPlan lineage, archive SHA unverified	public	compressed object or JSON	https://huggingface.co/datasets/OpenDriveLab/OpenScene/blob/a76f840b65e972bc45e56c2adced897498e9a026/openscene-v1.1/openscene_sensor_trainval_camera/openscene_sensor_trainval_camera_36.tgz
OpenScene	v1.1	trainval	camera	openscene-v1.1/openscene_sensor_trainval_camera/openscene_sensor_trainval_camera_37.tgz	6550808663	HF tree API size @ a76f840b65e972bc45e56c2adced897498e9a026	nuPlan lineage, archive SHA unverified	public	compressed object or JSON	https://huggingface.co/datasets/OpenDriveLab/OpenScene/blob/a76f840b65e972bc45e56c2adced897498e9a026/openscene-v1.1/openscene_sensor_trainval_camera/openscene_sensor_trainval_camera_37.tgz
OpenScene	v1.1	trainval	camera	openscene-v1.1/openscene_sensor_trainval_camera/openscene_sensor_trainval_camera_38.tgz	9109563006	HF tree API size @ a76f840b65e972bc45e56c2adced897498e9a026	nuPlan lineage, archive SHA unverified	public	compressed object or JSON	https://huggingface.co/datasets/OpenDriveLab/OpenScene/blob/a76f840b65e972bc45e56c2adced897498e9a026/openscene-v1.1/openscene_sensor_trainval_camera/openscene_sensor_trainval_camera_38.tgz
OpenScene	v1.1	trainval	camera	openscene-v1.1/openscene_sensor_trainval_camera/openscene_sensor_trainval_camera_39.tgz	4344049884	HF tree API size @ a76f840b65e972bc45e56c2adced897498e9a026	nuPlan lineage, archive SHA unverified	public	compressed object or JSON	https://huggingface.co/datasets/OpenDriveLab/OpenScene/blob/a76f840b65e972bc45e56c2adced897498e9a026/openscene-v1.1/openscene_sensor_trainval_camera/openscene_sensor_trainval_camera_39.tgz
OpenScene	v1.1	trainval	camera	openscene-v1.1/openscene_sensor_trainval_camera/openscene_sensor_trainval_camera_4.tgz	7061934429	HF tree API size @ a76f840b65e972bc45e56c2adced897498e9a026	nuPlan lineage, archive SHA unverified	public	compressed object or JSON	https://huggingface.co/datasets/OpenDriveLab/OpenScene/blob/a76f840b65e972bc45e56c2adced897498e9a026/openscene-v1.1/openscene_sensor_trainval_camera/openscene_sensor_trainval_camera_4.tgz
OpenScene	v1.1	trainval	camera	openscene-v1.1/openscene_sensor_trainval_camera/openscene_sensor_trainval_camera_40.tgz	6094174505	HF tree API size @ a76f840b65e972bc45e56c2adced897498e9a026	nuPlan lineage, archive SHA unverified	public	compressed object or JSON	https://huggingface.co/datasets/OpenDriveLab/OpenScene/blob/a76f840b65e972bc45e56c2adced897498e9a026/openscene-v1.1/openscene_sensor_trainval_camera/openscene_sensor_trainval_camera_40.tgz
OpenScene	v1.1	trainval	camera	openscene-v1.1/openscene_sensor_trainval_camera/openscene_sensor_trainval_camera_41.tgz	3031368927	HF tree API size @ a76f840b65e972bc45e56c2adced897498e9a026	nuPlan lineage, archive SHA unverified	public	compressed object or JSON	https://huggingface.co/datasets/OpenDriveLab/OpenScene/blob/a76f840b65e972bc45e56c2adced897498e9a026/openscene-v1.1/openscene_sensor_trainval_camera/openscene_sensor_trainval_camera_41.tgz
OpenScene	v1.1	trainval	camera	openscene-v1.1/openscene_sensor_trainval_camera/openscene_sensor_trainval_camera_42.tgz	5754111741	HF tree API size @ a76f840b65e972bc45e56c2adced897498e9a026	nuPlan lineage, archive SHA unverified	public	compressed object or JSON	https://huggingface.co/datasets/OpenDriveLab/OpenScene/blob/a76f840b65e972bc45e56c2adced897498e9a026/openscene-v1.1/openscene_sensor_trainval_camera/openscene_sensor_trainval_camera_42.tgz
OpenScene	v1.1	trainval	camera	openscene-v1.1/openscene_sensor_trainval_camera/openscene_sensor_trainval_camera_43.tgz	4009584149	HF tree API size @ a76f840b65e972bc45e56c2adced897498e9a026	nuPlan lineage, archive SHA unverified	public	compressed object or JSON	https://huggingface.co/datasets/OpenDriveLab/OpenScene/blob/a76f840b65e972bc45e56c2adced897498e9a026/openscene-v1.1/openscene_sensor_trainval_camera/openscene_sensor_trainval_camera_43.tgz
OpenScene	v1.1	trainval	camera	openscene-v1.1/openscene_sensor_trainval_camera/openscene_sensor_trainval_camera_44.tgz	6972500569	HF tree API size @ a76f840b65e972bc45e56c2adced897498e9a026	nuPlan lineage, archive SHA unverified	public	compressed object or JSON	https://huggingface.co/datasets/OpenDriveLab/OpenScene/blob/a76f840b65e972bc45e56c2adced897498e9a026/openscene-v1.1/openscene_sensor_trainval_camera/openscene_sensor_trainval_camera_44.tgz
OpenScene	v1.1	trainval	camera	openscene-v1.1/openscene_sensor_trainval_camera/openscene_sensor_trainval_camera_45.tgz	4506474934	HF tree API size @ a76f840b65e972bc45e56c2adced897498e9a026	nuPlan lineage, archive SHA unverified	public	compressed object or JSON	https://huggingface.co/datasets/OpenDriveLab/OpenScene/blob/a76f840b65e972bc45e56c2adced897498e9a026/openscene-v1.1/openscene_sensor_trainval_camera/openscene_sensor_trainval_camera_45.tgz
OpenScene	v1.1	trainval	camera	openscene-v1.1/openscene_sensor_trainval_camera/openscene_sensor_trainval_camera_46.tgz	3793100744	HF tree API size @ a76f840b65e972bc45e56c2adced897498e9a026	nuPlan lineage, archive SHA unverified	public	compressed object or JSON	https://huggingface.co/datasets/OpenDriveLab/OpenScene/blob/a76f840b65e972bc45e56c2adced897498e9a026/openscene-v1.1/openscene_sensor_trainval_camera/openscene_sensor_trainval_camera_46.tgz
OpenScene	v1.1	trainval	camera	openscene-v1.1/openscene_sensor_trainval_camera/openscene_sensor_trainval_camera_47.tgz	2993762399	HF tree API size @ a76f840b65e972bc45e56c2adced897498e9a026	nuPlan lineage, archive SHA unverified	public	compressed object or JSON	https://huggingface.co/datasets/OpenDriveLab/OpenScene/blob/a76f840b65e972bc45e56c2adced897498e9a026/openscene-v1.1/openscene_sensor_trainval_camera/openscene_sensor_trainval_camera_47.tgz
OpenScene	v1.1	trainval	camera	openscene-v1.1/openscene_sensor_trainval_camera/openscene_sensor_trainval_camera_48.tgz	5077570329	HF tree API size @ a76f840b65e972bc45e56c2adced897498e9a026	nuPlan lineage, archive SHA unverified	public	compressed object or JSON	https://huggingface.co/datasets/OpenDriveLab/OpenScene/blob/a76f840b65e972bc45e56c2adced897498e9a026/openscene-v1.1/openscene_sensor_trainval_camera/openscene_sensor_trainval_camera_48.tgz
OpenScene	v1.1	trainval	camera	openscene-v1.1/openscene_sensor_trainval_camera/openscene_sensor_trainval_camera_49.tgz	9528933939	HF tree API size @ a76f840b65e972bc45e56c2adced897498e9a026	nuPlan lineage, archive SHA unverified	public	compressed object or JSON	https://huggingface.co/datasets/OpenDriveLab/OpenScene/blob/a76f840b65e972bc45e56c2adced897498e9a026/openscene-v1.1/openscene_sensor_trainval_camera/openscene_sensor_trainval_camera_49.tgz
OpenScene	v1.1	trainval	camera	openscene-v1.1/openscene_sensor_trainval_camera/openscene_sensor_trainval_camera_5.tgz	4324551212	HF tree API size @ a76f840b65e972bc45e56c2adced897498e9a026	nuPlan lineage, archive SHA unverified	public	compressed object or JSON	https://huggingface.co/datasets/OpenDriveLab/OpenScene/blob/a76f840b65e972bc45e56c2adced897498e9a026/openscene-v1.1/openscene_sensor_trainval_camera/openscene_sensor_trainval_camera_5.tgz
OpenScene	v1.1	trainval	camera	openscene-v1.1/openscene_sensor_trainval_camera/openscene_sensor_trainval_camera_50.tgz	11571303266	HF tree API size @ a76f840b65e972bc45e56c2adced897498e9a026	nuPlan lineage, archive SHA unverified	public	compressed object or JSON	https://huggingface.co/datasets/OpenDriveLab/OpenScene/blob/a76f840b65e972bc45e56c2adced897498e9a026/openscene-v1.1/openscene_sensor_trainval_camera/openscene_sensor_trainval_camera_50.tgz
OpenScene	v1.1	trainval	camera	openscene-v1.1/openscene_sensor_trainval_camera/openscene_sensor_trainval_camera_51.tgz	15272449473	HF tree API size @ a76f840b65e972bc45e56c2adced897498e9a026	nuPlan lineage, archive SHA unverified	public	compressed object or JSON	https://huggingface.co/datasets/OpenDriveLab/OpenScene/blob/a76f840b65e972bc45e56c2adced897498e9a026/openscene-v1.1/openscene_sensor_trainval_camera/openscene_sensor_trainval_camera_51.tgz
OpenScene	v1.1	trainval	camera	openscene-v1.1/openscene_sensor_trainval_camera/openscene_sensor_trainval_camera_52.tgz	8864058943	HF tree API size @ a76f840b65e972bc45e56c2adced897498e9a026	nuPlan lineage, archive SHA unverified	public	compressed object or JSON	https://huggingface.co/datasets/OpenDriveLab/OpenScene/blob/a76f840b65e972bc45e56c2adced897498e9a026/openscene-v1.1/openscene_sensor_trainval_camera/openscene_sensor_trainval_camera_52.tgz
OpenScene	v1.1	trainval	camera	openscene-v1.1/openscene_sensor_trainval_camera/openscene_sensor_trainval_camera_53.tgz	4818642595	HF tree API size @ a76f840b65e972bc45e56c2adced897498e9a026	nuPlan lineage, archive SHA unverified	public	compressed object or JSON	https://huggingface.co/datasets/OpenDriveLab/OpenScene/blob/a76f840b65e972bc45e56c2adced897498e9a026/openscene-v1.1/openscene_sensor_trainval_camera/openscene_sensor_trainval_camera_53.tgz
OpenScene	v1.1	trainval	camera	openscene-v1.1/openscene_sensor_trainval_camera/openscene_sensor_trainval_camera_54.tgz	6391506907	HF tree API size @ a76f840b65e972bc45e56c2adced897498e9a026	nuPlan lineage, archive SHA unverified	public	compressed object or JSON	https://huggingface.co/datasets/OpenDriveLab/OpenScene/blob/a76f840b65e972bc45e56c2adced897498e9a026/openscene-v1.1/openscene_sensor_trainval_camera/openscene_sensor_trainval_camera_54.tgz
OpenScene	v1.1	trainval	camera	openscene-v1.1/openscene_sensor_trainval_camera/openscene_sensor_trainval_camera_55.tgz	8486966802	HF tree API size @ a76f840b65e972bc45e56c2adced897498e9a026	nuPlan lineage, archive SHA unverified	public	compressed object or JSON	https://huggingface.co/datasets/OpenDriveLab/OpenScene/blob/a76f840b65e972bc45e56c2adced897498e9a026/openscene-v1.1/openscene_sensor_trainval_camera/openscene_sensor_trainval_camera_55.tgz
OpenScene	v1.1	trainval	camera	openscene-v1.1/openscene_sensor_trainval_camera/openscene_sensor_trainval_camera_56.tgz	7578350925	HF tree API size @ a76f840b65e972bc45e56c2adced897498e9a026	nuPlan lineage, archive SHA unverified	public	compressed object or JSON	https://huggingface.co/datasets/OpenDriveLab/OpenScene/blob/a76f840b65e972bc45e56c2adced897498e9a026/openscene-v1.1/openscene_sensor_trainval_camera/openscene_sensor_trainval_camera_56.tgz
OpenScene	v1.1	trainval	camera	openscene-v1.1/openscene_sensor_trainval_camera/openscene_sensor_trainval_camera_57.tgz	8700329402	HF tree API size @ a76f840b65e972bc45e56c2adced897498e9a026	nuPlan lineage, archive SHA unverified	public	compressed object or JSON	https://huggingface.co/datasets/OpenDriveLab/OpenScene/blob/a76f840b65e972bc45e56c2adced897498e9a026/openscene-v1.1/openscene_sensor_trainval_camera/openscene_sensor_trainval_camera_57.tgz
OpenScene	v1.1	trainval	camera	openscene-v1.1/openscene_sensor_trainval_camera/openscene_sensor_trainval_camera_58.tgz	2763024521	HF tree API size @ a76f840b65e972bc45e56c2adced897498e9a026	nuPlan lineage, archive SHA unverified	public	compressed object or JSON	https://huggingface.co/datasets/OpenDriveLab/OpenScene/blob/a76f840b65e972bc45e56c2adced897498e9a026/openscene-v1.1/openscene_sensor_trainval_camera/openscene_sensor_trainval_camera_58.tgz
OpenScene	v1.1	trainval	camera	openscene-v1.1/openscene_sensor_trainval_camera/openscene_sensor_trainval_camera_59.tgz	3938429145	HF tree API size @ a76f840b65e972bc45e56c2adced897498e9a026	nuPlan lineage, archive SHA unverified	public	compressed object or JSON	https://huggingface.co/datasets/OpenDriveLab/OpenScene/blob/a76f840b65e972bc45e56c2adced897498e9a026/openscene-v1.1/openscene_sensor_trainval_camera/openscene_sensor_trainval_camera_59.tgz
OpenScene	v1.1	trainval	camera	openscene-v1.1/openscene_sensor_trainval_camera/openscene_sensor_trainval_camera_6.tgz	4387135367	HF tree API size @ a76f840b65e972bc45e56c2adced897498e9a026	nuPlan lineage, archive SHA unverified	public	compressed object or JSON	https://huggingface.co/datasets/OpenDriveLab/OpenScene/blob/a76f840b65e972bc45e56c2adced897498e9a026/openscene-v1.1/openscene_sensor_trainval_camera/openscene_sensor_trainval_camera_6.tgz
OpenScene	v1.1	trainval	camera	openscene-v1.1/openscene_sensor_trainval_camera/openscene_sensor_trainval_camera_60.tgz	5833302634	HF tree API size @ a76f840b65e972bc45e56c2adced897498e9a026	nuPlan lineage, archive SHA unverified	public	compressed object or JSON	https://huggingface.co/datasets/OpenDriveLab/OpenScene/blob/a76f840b65e972bc45e56c2adced897498e9a026/openscene-v1.1/openscene_sensor_trainval_camera/openscene_sensor_trainval_camera_60.tgz
OpenScene	v1.1	trainval	camera	openscene-v1.1/openscene_sensor_trainval_camera/openscene_sensor_trainval_camera_61.tgz	4854862832	HF tree API size @ a76f840b65e972bc45e56c2adced897498e9a026	nuPlan lineage, archive SHA unverified	public	compressed object or JSON	https://huggingface.co/datasets/OpenDriveLab/OpenScene/blob/a76f840b65e972bc45e56c2adced897498e9a026/openscene-v1.1/openscene_sensor_trainval_camera/openscene_sensor_trainval_camera_61.tgz
OpenScene	v1.1	trainval	camera	openscene-v1.1/openscene_sensor_trainval_camera/openscene_sensor_trainval_camera_62.tgz	6493375635	HF tree API size @ a76f840b65e972bc45e56c2adced897498e9a026	nuPlan lineage, archive SHA unverified	public	compressed object or JSON	https://huggingface.co/datasets/OpenDriveLab/OpenScene/blob/a76f840b65e972bc45e56c2adced897498e9a026/openscene-v1.1/openscene_sensor_trainval_camera/openscene_sensor_trainval_camera_62.tgz
OpenScene	v1.1	trainval	camera	openscene-v1.1/openscene_sensor_trainval_camera/openscene_sensor_trainval_camera_63.tgz	4496084010	HF tree API size @ a76f840b65e972bc45e56c2adced897498e9a026	nuPlan lineage, archive SHA unverified	public	compressed object or JSON	https://huggingface.co/datasets/OpenDriveLab/OpenScene/blob/a76f840b65e972bc45e56c2adced897498e9a026/openscene-v1.1/openscene_sensor_trainval_camera/openscene_sensor_trainval_camera_63.tgz
OpenScene	v1.1	trainval	camera	openscene-v1.1/openscene_sensor_trainval_camera/openscene_sensor_trainval_camera_64.tgz	3255044099	HF tree API size @ a76f840b65e972bc45e56c2adced897498e9a026	nuPlan lineage, archive SHA unverified	public	compressed object or JSON	https://huggingface.co/datasets/OpenDriveLab/OpenScene/blob/a76f840b65e972bc45e56c2adced897498e9a026/openscene-v1.1/openscene_sensor_trainval_camera/openscene_sensor_trainval_camera_64.tgz
OpenScene	v1.1	trainval	camera	openscene-v1.1/openscene_sensor_trainval_camera/openscene_sensor_trainval_camera_65.tgz	5828735194	HF tree API size @ a76f840b65e972bc45e56c2adced897498e9a026	nuPlan lineage, archive SHA unverified	public	compressed object or JSON	https://huggingface.co/datasets/OpenDriveLab/OpenScene/blob/a76f840b65e972bc45e56c2adced897498e9a026/openscene-v1.1/openscene_sensor_trainval_camera/openscene_sensor_trainval_camera_65.tgz
OpenScene	v1.1	trainval	camera	openscene-v1.1/openscene_sensor_trainval_camera/openscene_sensor_trainval_camera_66.tgz	6217746047	HF tree API size @ a76f840b65e972bc45e56c2adced897498e9a026	nuPlan lineage, archive SHA unverified	public	compressed object or JSON	https://huggingface.co/datasets/OpenDriveLab/OpenScene/blob/a76f840b65e972bc45e56c2adced897498e9a026/openscene-v1.1/openscene_sensor_trainval_camera/openscene_sensor_trainval_camera_66.tgz
OpenScene	v1.1	trainval	camera	openscene-v1.1/openscene_sensor_trainval_camera/openscene_sensor_trainval_camera_67.tgz	9138243580	HF tree API size @ a76f840b65e972bc45e56c2adced897498e9a026	nuPlan lineage, archive SHA unverified	public	compressed object or JSON	https://huggingface.co/datasets/OpenDriveLab/OpenScene/blob/a76f840b65e972bc45e56c2adced897498e9a026/openscene-v1.1/openscene_sensor_trainval_camera/openscene_sensor_trainval_camera_67.tgz
OpenScene	v1.1	trainval	camera	openscene-v1.1/openscene_sensor_trainval_camera/openscene_sensor_trainval_camera_68.tgz	3366432810	HF tree API size @ a76f840b65e972bc45e56c2adced897498e9a026	nuPlan lineage, archive SHA unverified	public	compressed object or JSON	https://huggingface.co/datasets/OpenDriveLab/OpenScene/blob/a76f840b65e972bc45e56c2adced897498e9a026/openscene-v1.1/openscene_sensor_trainval_camera/openscene_sensor_trainval_camera_68.tgz
OpenScene	v1.1	trainval	camera	openscene-v1.1/openscene_sensor_trainval_camera/openscene_sensor_trainval_camera_69.tgz	14145248736	HF tree API size @ a76f840b65e972bc45e56c2adced897498e9a026	nuPlan lineage, archive SHA unverified	public	compressed object or JSON	https://huggingface.co/datasets/OpenDriveLab/OpenScene/blob/a76f840b65e972bc45e56c2adced897498e9a026/openscene-v1.1/openscene_sensor_trainval_camera/openscene_sensor_trainval_camera_69.tgz
OpenScene	v1.1	trainval	camera	openscene-v1.1/openscene_sensor_trainval_camera/openscene_sensor_trainval_camera_7.tgz	3881002793	HF tree API size @ a76f840b65e972bc45e56c2adced897498e9a026	nuPlan lineage, archive SHA unverified	public	compressed object or JSON	https://huggingface.co/datasets/OpenDriveLab/OpenScene/blob/a76f840b65e972bc45e56c2adced897498e9a026/openscene-v1.1/openscene_sensor_trainval_camera/openscene_sensor_trainval_camera_7.tgz
OpenScene	v1.1	trainval	camera	openscene-v1.1/openscene_sensor_trainval_camera/openscene_sensor_trainval_camera_70.tgz	3242257646	HF tree API size @ a76f840b65e972bc45e56c2adced897498e9a026	nuPlan lineage, archive SHA unverified	public	compressed object or JSON	https://huggingface.co/datasets/OpenDriveLab/OpenScene/blob/a76f840b65e972bc45e56c2adced897498e9a026/openscene-v1.1/openscene_sensor_trainval_camera/openscene_sensor_trainval_camera_70.tgz
OpenScene	v1.1	trainval	camera	openscene-v1.1/openscene_sensor_trainval_camera/openscene_sensor_trainval_camera_71.tgz	5136027598	HF tree API size @ a76f840b65e972bc45e56c2adced897498e9a026	nuPlan lineage, archive SHA unverified	public	compressed object or JSON	https://huggingface.co/datasets/OpenDriveLab/OpenScene/blob/a76f840b65e972bc45e56c2adced897498e9a026/openscene-v1.1/openscene_sensor_trainval_camera/openscene_sensor_trainval_camera_71.tgz
OpenScene	v1.1	trainval	camera	openscene-v1.1/openscene_sensor_trainval_camera/openscene_sensor_trainval_camera_72.tgz	11440417765	HF tree API size @ a76f840b65e972bc45e56c2adced897498e9a026	nuPlan lineage, archive SHA unverified	public	compressed object or JSON	https://huggingface.co/datasets/OpenDriveLab/OpenScene/blob/a76f840b65e972bc45e56c2adced897498e9a026/openscene-v1.1/openscene_sensor_trainval_camera/openscene_sensor_trainval_camera_72.tgz
OpenScene	v1.1	trainval	camera	openscene-v1.1/openscene_sensor_trainval_camera/openscene_sensor_trainval_camera_73.tgz	5138576459	HF tree API size @ a76f840b65e972bc45e56c2adced897498e9a026	nuPlan lineage, archive SHA unverified	public	compressed object or JSON	https://huggingface.co/datasets/OpenDriveLab/OpenScene/blob/a76f840b65e972bc45e56c2adced897498e9a026/openscene-v1.1/openscene_sensor_trainval_camera/openscene_sensor_trainval_camera_73.tgz
OpenScene	v1.1	trainval	camera	openscene-v1.1/openscene_sensor_trainval_camera/openscene_sensor_trainval_camera_74.tgz	5873466945	HF tree API size @ a76f840b65e972bc45e56c2adced897498e9a026	nuPlan lineage, archive SHA unverified	public	compressed object or JSON	https://huggingface.co/datasets/OpenDriveLab/OpenScene/blob/a76f840b65e972bc45e56c2adced897498e9a026/openscene-v1.1/openscene_sensor_trainval_camera/openscene_sensor_trainval_camera_74.tgz
OpenScene	v1.1	trainval	camera	openscene-v1.1/openscene_sensor_trainval_camera/openscene_sensor_trainval_camera_75.tgz	4294603811	HF tree API size @ a76f840b65e972bc45e56c2adced897498e9a026	nuPlan lineage, archive SHA unverified	public	compressed object or JSON	https://huggingface.co/datasets/OpenDriveLab/OpenScene/blob/a76f840b65e972bc45e56c2adced897498e9a026/openscene-v1.1/openscene_sensor_trainval_camera/openscene_sensor_trainval_camera_75.tgz
OpenScene	v1.1	trainval	camera	openscene-v1.1/openscene_sensor_trainval_camera/openscene_sensor_trainval_camera_76.tgz	3895962523	HF tree API size @ a76f840b65e972bc45e56c2adced897498e9a026	nuPlan lineage, archive SHA unverified	public	compressed object or JSON	https://huggingface.co/datasets/OpenDriveLab/OpenScene/blob/a76f840b65e972bc45e56c2adced897498e9a026/openscene-v1.1/openscene_sensor_trainval_camera/openscene_sensor_trainval_camera_76.tgz
OpenScene	v1.1	trainval	camera	openscene-v1.1/openscene_sensor_trainval_camera/openscene_sensor_trainval_camera_77.tgz	4393719077	HF tree API size @ a76f840b65e972bc45e56c2adced897498e9a026	nuPlan lineage, archive SHA unverified	public	compressed object or JSON	https://huggingface.co/datasets/OpenDriveLab/OpenScene/blob/a76f840b65e972bc45e56c2adced897498e9a026/openscene-v1.1/openscene_sensor_trainval_camera/openscene_sensor_trainval_camera_77.tgz
OpenScene	v1.1	trainval	camera	openscene-v1.1/openscene_sensor_trainval_camera/openscene_sensor_trainval_camera_78.tgz	6697009860	HF tree API size @ a76f840b65e972bc45e56c2adced897498e9a026	nuPlan lineage, archive SHA unverified	public	compressed object or JSON	https://huggingface.co/datasets/OpenDriveLab/OpenScene/blob/a76f840b65e972bc45e56c2adced897498e9a026/openscene-v1.1/openscene_sensor_trainval_camera/openscene_sensor_trainval_camera_78.tgz
OpenScene	v1.1	trainval	camera	openscene-v1.1/openscene_sensor_trainval_camera/openscene_sensor_trainval_camera_79.tgz	7513611466	HF tree API size @ a76f840b65e972bc45e56c2adced897498e9a026	nuPlan lineage, archive SHA unverified	public	compressed object or JSON	https://huggingface.co/datasets/OpenDriveLab/OpenScene/blob/a76f840b65e972bc45e56c2adced897498e9a026/openscene-v1.1/openscene_sensor_trainval_camera/openscene_sensor_trainval_camera_79.tgz
OpenScene	v1.1	trainval	camera	openscene-v1.1/openscene_sensor_trainval_camera/openscene_sensor_trainval_camera_8.tgz	13081301356	HF tree API size @ a76f840b65e972bc45e56c2adced897498e9a026	nuPlan lineage, archive SHA unverified	public	compressed object or JSON	https://huggingface.co/datasets/OpenDriveLab/OpenScene/blob/a76f840b65e972bc45e56c2adced897498e9a026/openscene-v1.1/openscene_sensor_trainval_camera/openscene_sensor_trainval_camera_8.tgz
OpenScene	v1.1	trainval	camera	openscene-v1.1/openscene_sensor_trainval_camera/openscene_sensor_trainval_camera_80.tgz	6839819483	HF tree API size @ a76f840b65e972bc45e56c2adced897498e9a026	nuPlan lineage, archive SHA unverified	public	compressed object or JSON	https://huggingface.co/datasets/OpenDriveLab/OpenScene/blob/a76f840b65e972bc45e56c2adced897498e9a026/openscene-v1.1/openscene_sensor_trainval_camera/openscene_sensor_trainval_camera_80.tgz
OpenScene	v1.1	trainval	camera	openscene-v1.1/openscene_sensor_trainval_camera/openscene_sensor_trainval_camera_81.tgz	3806375932	HF tree API size @ a76f840b65e972bc45e56c2adced897498e9a026	nuPlan lineage, archive SHA unverified	public	compressed object or JSON	https://huggingface.co/datasets/OpenDriveLab/OpenScene/blob/a76f840b65e972bc45e56c2adced897498e9a026/openscene-v1.1/openscene_sensor_trainval_camera/openscene_sensor_trainval_camera_81.tgz
OpenScene	v1.1	trainval	camera	openscene-v1.1/openscene_sensor_trainval_camera/openscene_sensor_trainval_camera_82.tgz	3665164724	HF tree API size @ a76f840b65e972bc45e56c2adced897498e9a026	nuPlan lineage, archive SHA unverified	public	compressed object or JSON	https://huggingface.co/datasets/OpenDriveLab/OpenScene/blob/a76f840b65e972bc45e56c2adced897498e9a026/openscene-v1.1/openscene_sensor_trainval_camera/openscene_sensor_trainval_camera_82.tgz
OpenScene	v1.1	trainval	camera	openscene-v1.1/openscene_sensor_trainval_camera/openscene_sensor_trainval_camera_83.tgz	8253385641	HF tree API size @ a76f840b65e972bc45e56c2adced897498e9a026	nuPlan lineage, archive SHA unverified	public	compressed object or JSON	https://huggingface.co/datasets/OpenDriveLab/OpenScene/blob/a76f840b65e972bc45e56c2adced897498e9a026/openscene-v1.1/openscene_sensor_trainval_camera/openscene_sensor_trainval_camera_83.tgz
OpenScene	v1.1	trainval	camera	openscene-v1.1/openscene_sensor_trainval_camera/openscene_sensor_trainval_camera_84.tgz	8246746060	HF tree API size @ a76f840b65e972bc45e56c2adced897498e9a026	nuPlan lineage, archive SHA unverified	public	compressed object or JSON	https://huggingface.co/datasets/OpenDriveLab/OpenScene/blob/a76f840b65e972bc45e56c2adced897498e9a026/openscene-v1.1/openscene_sensor_trainval_camera/openscene_sensor_trainval_camera_84.tgz
OpenScene	v1.1	trainval	camera	openscene-v1.1/openscene_sensor_trainval_camera/openscene_sensor_trainval_camera_85.tgz	6497714310	HF tree API size @ a76f840b65e972bc45e56c2adced897498e9a026	nuPlan lineage, archive SHA unverified	public	compressed object or JSON	https://huggingface.co/datasets/OpenDriveLab/OpenScene/blob/a76f840b65e972bc45e56c2adced897498e9a026/openscene-v1.1/openscene_sensor_trainval_camera/openscene_sensor_trainval_camera_85.tgz
OpenScene	v1.1	trainval	camera	openscene-v1.1/openscene_sensor_trainval_camera/openscene_sensor_trainval_camera_86.tgz	3716217298	HF tree API size @ a76f840b65e972bc45e56c2adced897498e9a026	nuPlan lineage, archive SHA unverified	public	compressed object or JSON	https://huggingface.co/datasets/OpenDriveLab/OpenScene/blob/a76f840b65e972bc45e56c2adced897498e9a026/openscene-v1.1/openscene_sensor_trainval_camera/openscene_sensor_trainval_camera_86.tgz
OpenScene	v1.1	trainval	camera	openscene-v1.1/openscene_sensor_trainval_camera/openscene_sensor_trainval_camera_87.tgz	4865398065	HF tree API size @ a76f840b65e972bc45e56c2adced897498e9a026	nuPlan lineage, archive SHA unverified	public	compressed object or JSON	https://huggingface.co/datasets/OpenDriveLab/OpenScene/blob/a76f840b65e972bc45e56c2adced897498e9a026/openscene-v1.1/openscene_sensor_trainval_camera/openscene_sensor_trainval_camera_87.tgz
OpenScene	v1.1	trainval	camera	openscene-v1.1/openscene_sensor_trainval_camera/openscene_sensor_trainval_camera_88.tgz	3862896916	HF tree API size @ a76f840b65e972bc45e56c2adced897498e9a026	nuPlan lineage, archive SHA unverified	public	compressed object or JSON	https://huggingface.co/datasets/OpenDriveLab/OpenScene/blob/a76f840b65e972bc45e56c2adced897498e9a026/openscene-v1.1/openscene_sensor_trainval_camera/openscene_sensor_trainval_camera_88.tgz
OpenScene	v1.1	trainval	camera	openscene-v1.1/openscene_sensor_trainval_camera/openscene_sensor_trainval_camera_89.tgz	5362212858	HF tree API size @ a76f840b65e972bc45e56c2adced897498e9a026	nuPlan lineage, archive SHA unverified	public	compressed object or JSON	https://huggingface.co/datasets/OpenDriveLab/OpenScene/blob/a76f840b65e972bc45e56c2adced897498e9a026/openscene-v1.1/openscene_sensor_trainval_camera/openscene_sensor_trainval_camera_89.tgz
OpenScene	v1.1	trainval	camera	openscene-v1.1/openscene_sensor_trainval_camera/openscene_sensor_trainval_camera_9.tgz	4723629547	HF tree API size @ a76f840b65e972bc45e56c2adced897498e9a026	nuPlan lineage, archive SHA unverified	public	compressed object or JSON	https://huggingface.co/datasets/OpenDriveLab/OpenScene/blob/a76f840b65e972bc45e56c2adced897498e9a026/openscene-v1.1/openscene_sensor_trainval_camera/openscene_sensor_trainval_camera_9.tgz
OpenScene	v1.1	trainval	camera	openscene-v1.1/openscene_sensor_trainval_camera/openscene_sensor_trainval_camera_90.tgz	10515254842	HF tree API size @ a76f840b65e972bc45e56c2adced897498e9a026	nuPlan lineage, archive SHA unverified	public	compressed object or JSON	https://huggingface.co/datasets/OpenDriveLab/OpenScene/blob/a76f840b65e972bc45e56c2adced897498e9a026/openscene-v1.1/openscene_sensor_trainval_camera/openscene_sensor_trainval_camera_90.tgz
OpenScene	v1.1	trainval	camera	openscene-v1.1/openscene_sensor_trainval_camera/openscene_sensor_trainval_camera_91.tgz	4831913510	HF tree API size @ a76f840b65e972bc45e56c2adced897498e9a026	nuPlan lineage, archive SHA unverified	public	compressed object or JSON	https://huggingface.co/datasets/OpenDriveLab/OpenScene/blob/a76f840b65e972bc45e56c2adced897498e9a026/openscene-v1.1/openscene_sensor_trainval_camera/openscene_sensor_trainval_camera_91.tgz
OpenScene	v1.1	trainval	camera	openscene-v1.1/openscene_sensor_trainval_camera/openscene_sensor_trainval_camera_92.tgz	5621118995	HF tree API size @ a76f840b65e972bc45e56c2adced897498e9a026	nuPlan lineage, archive SHA unverified	public	compressed object or JSON	https://huggingface.co/datasets/OpenDriveLab/OpenScene/blob/a76f840b65e972bc45e56c2adced897498e9a026/openscene-v1.1/openscene_sensor_trainval_camera/openscene_sensor_trainval_camera_92.tgz
OpenScene	v1.1	trainval	camera	openscene-v1.1/openscene_sensor_trainval_camera/openscene_sensor_trainval_camera_93.tgz	6146086534	HF tree API size @ a76f840b65e972bc45e56c2adced897498e9a026	nuPlan lineage, archive SHA unverified	public	compressed object or JSON	https://huggingface.co/datasets/OpenDriveLab/OpenScene/blob/a76f840b65e972bc45e56c2adced897498e9a026/openscene-v1.1/openscene_sensor_trainval_camera/openscene_sensor_trainval_camera_93.tgz
OpenScene	v1.1	trainval	camera	openscene-v1.1/openscene_sensor_trainval_camera/openscene_sensor_trainval_camera_94.tgz	8588266324	HF tree API size @ a76f840b65e972bc45e56c2adced897498e9a026	nuPlan lineage, archive SHA unverified	public	compressed object or JSON	https://huggingface.co/datasets/OpenDriveLab/OpenScene/blob/a76f840b65e972bc45e56c2adced897498e9a026/openscene-v1.1/openscene_sensor_trainval_camera/openscene_sensor_trainval_camera_94.tgz
OpenScene	v1.1	trainval	camera	openscene-v1.1/openscene_sensor_trainval_camera/openscene_sensor_trainval_camera_95.tgz	4236350622	HF tree API size @ a76f840b65e972bc45e56c2adced897498e9a026	nuPlan lineage, archive SHA unverified	public	compressed object or JSON	https://huggingface.co/datasets/OpenDriveLab/OpenScene/blob/a76f840b65e972bc45e56c2adced897498e9a026/openscene-v1.1/openscene_sensor_trainval_camera/openscene_sensor_trainval_camera_95.tgz
OpenScene	v1.1	trainval	camera	openscene-v1.1/openscene_sensor_trainval_camera/openscene_sensor_trainval_camera_96.tgz	5451272140	HF tree API size @ a76f840b65e972bc45e56c2adced897498e9a026	nuPlan lineage, archive SHA unverified	public	compressed object or JSON	https://huggingface.co/datasets/OpenDriveLab/OpenScene/blob/a76f840b65e972bc45e56c2adced897498e9a026/openscene-v1.1/openscene_sensor_trainval_camera/openscene_sensor_trainval_camera_96.tgz
OpenScene	v1.1	trainval	camera	openscene-v1.1/openscene_sensor_trainval_camera/openscene_sensor_trainval_camera_97.tgz	8671493925	HF tree API size @ a76f840b65e972bc45e56c2adced897498e9a026	nuPlan lineage, archive SHA unverified	public	compressed object or JSON	https://huggingface.co/datasets/OpenDriveLab/OpenScene/blob/a76f840b65e972bc45e56c2adced897498e9a026/openscene-v1.1/openscene_sensor_trainval_camera/openscene_sensor_trainval_camera_97.tgz
OpenScene	v1.1	trainval	camera	openscene-v1.1/openscene_sensor_trainval_camera/openscene_sensor_trainval_camera_98.tgz	4492946729	HF tree API size @ a76f840b65e972bc45e56c2adced897498e9a026	nuPlan lineage, archive SHA unverified	public	compressed object or JSON	https://huggingface.co/datasets/OpenDriveLab/OpenScene/blob/a76f840b65e972bc45e56c2adced897498e9a026/openscene-v1.1/openscene_sensor_trainval_camera/openscene_sensor_trainval_camera_98.tgz
OpenScene	v1.1	trainval	camera	openscene-v1.1/openscene_sensor_trainval_camera/openscene_sensor_trainval_camera_99.tgz	5084506374	HF tree API size @ a76f840b65e972bc45e56c2adced897498e9a026	nuPlan lineage, archive SHA unverified	public	compressed object or JSON	https://huggingface.co/datasets/OpenDriveLab/OpenScene/blob/a76f840b65e972bc45e56c2adced897498e9a026/openscene-v1.1/openscene_sensor_trainval_camera/openscene_sensor_trainval_camera_99.tgz
OpenScene	v1.1	trainval	lidar	openscene-v1.1/openscene_sensor_trainval_lidar/openscene_sensor_trainval_lidar_0.tgz	3456836376	HF tree API size @ a76f840b65e972bc45e56c2adced897498e9a026	nuPlan lineage, archive SHA unverified	public	compressed object or JSON	https://huggingface.co/datasets/OpenDriveLab/OpenScene/blob/a76f840b65e972bc45e56c2adced897498e9a026/openscene-v1.1/openscene_sensor_trainval_lidar/openscene_sensor_trainval_lidar_0.tgz
OpenScene	v1.1	trainval	lidar	openscene-v1.1/openscene_sensor_trainval_lidar/openscene_sensor_trainval_lidar_1.tgz	3221152315	HF tree API size @ a76f840b65e972bc45e56c2adced897498e9a026	nuPlan lineage, archive SHA unverified	public	compressed object or JSON	https://huggingface.co/datasets/OpenDriveLab/OpenScene/blob/a76f840b65e972bc45e56c2adced897498e9a026/openscene-v1.1/openscene_sensor_trainval_lidar/openscene_sensor_trainval_lidar_1.tgz
OpenScene	v1.1	trainval	lidar	openscene-v1.1/openscene_sensor_trainval_lidar/openscene_sensor_trainval_lidar_10.tgz	5497802625	HF tree API size @ a76f840b65e972bc45e56c2adced897498e9a026	nuPlan lineage, archive SHA unverified	public	compressed object or JSON	https://huggingface.co/datasets/OpenDriveLab/OpenScene/blob/a76f840b65e972bc45e56c2adced897498e9a026/openscene-v1.1/openscene_sensor_trainval_lidar/openscene_sensor_trainval_lidar_10.tgz
OpenScene	v1.1	trainval	lidar	openscene-v1.1/openscene_sensor_trainval_lidar/openscene_sensor_trainval_lidar_100.tgz	6913774868	HF tree API size @ a76f840b65e972bc45e56c2adced897498e9a026	nuPlan lineage, archive SHA unverified	public	compressed object or JSON	https://huggingface.co/datasets/OpenDriveLab/OpenScene/blob/a76f840b65e972bc45e56c2adced897498e9a026/openscene-v1.1/openscene_sensor_trainval_lidar/openscene_sensor_trainval_lidar_100.tgz
OpenScene	v1.1	trainval	lidar	openscene-v1.1/openscene_sensor_trainval_lidar/openscene_sensor_trainval_lidar_101.tgz	4255159278	HF tree API size @ a76f840b65e972bc45e56c2adced897498e9a026	nuPlan lineage, archive SHA unverified	public	compressed object or JSON	https://huggingface.co/datasets/OpenDriveLab/OpenScene/blob/a76f840b65e972bc45e56c2adced897498e9a026/openscene-v1.1/openscene_sensor_trainval_lidar/openscene_sensor_trainval_lidar_101.tgz
OpenScene	v1.1	trainval	lidar	openscene-v1.1/openscene_sensor_trainval_lidar/openscene_sensor_trainval_lidar_102.tgz	2818851690	HF tree API size @ a76f840b65e972bc45e56c2adced897498e9a026	nuPlan lineage, archive SHA unverified	public	compressed object or JSON	https://huggingface.co/datasets/OpenDriveLab/OpenScene/blob/a76f840b65e972bc45e56c2adced897498e9a026/openscene-v1.1/openscene_sensor_trainval_lidar/openscene_sensor_trainval_lidar_102.tgz
OpenScene	v1.1	trainval	lidar	openscene-v1.1/openscene_sensor_trainval_lidar/openscene_sensor_trainval_lidar_103.tgz	9829110262	HF tree API size @ a76f840b65e972bc45e56c2adced897498e9a026	nuPlan lineage, archive SHA unverified	public	compressed object or JSON	https://huggingface.co/datasets/OpenDriveLab/OpenScene/blob/a76f840b65e972bc45e56c2adced897498e9a026/openscene-v1.1/openscene_sensor_trainval_lidar/openscene_sensor_trainval_lidar_103.tgz
OpenScene	v1.1	trainval	lidar	openscene-v1.1/openscene_sensor_trainval_lidar/openscene_sensor_trainval_lidar_104.tgz	2766930445	HF tree API size @ a76f840b65e972bc45e56c2adced897498e9a026	nuPlan lineage, archive SHA unverified	public	compressed object or JSON	https://huggingface.co/datasets/OpenDriveLab/OpenScene/blob/a76f840b65e972bc45e56c2adced897498e9a026/openscene-v1.1/openscene_sensor_trainval_lidar/openscene_sensor_trainval_lidar_104.tgz
OpenScene	v1.1	trainval	lidar	openscene-v1.1/openscene_sensor_trainval_lidar/openscene_sensor_trainval_lidar_105.tgz	3178071104	HF tree API size @ a76f840b65e972bc45e56c2adced897498e9a026	nuPlan lineage, archive SHA unverified	public	compressed object or JSON	https://huggingface.co/datasets/OpenDriveLab/OpenScene/blob/a76f840b65e972bc45e56c2adced897498e9a026/openscene-v1.1/openscene_sensor_trainval_lidar/openscene_sensor_trainval_lidar_105.tgz
OpenScene	v1.1	trainval	lidar	openscene-v1.1/openscene_sensor_trainval_lidar/openscene_sensor_trainval_lidar_106.tgz	3583478981	HF tree API size @ a76f840b65e972bc45e56c2adced897498e9a026	nuPlan lineage, archive SHA unverified	public	compressed object or JSON	https://huggingface.co/datasets/OpenDriveLab/OpenScene/blob/a76f840b65e972bc45e56c2adced897498e9a026/openscene-v1.1/openscene_sensor_trainval_lidar/openscene_sensor_trainval_lidar_106.tgz
OpenScene	v1.1	trainval	lidar	openscene-v1.1/openscene_sensor_trainval_lidar/openscene_sensor_trainval_lidar_107.tgz	3156566370	HF tree API size @ a76f840b65e972bc45e56c2adced897498e9a026	nuPlan lineage, archive SHA unverified	public	compressed object or JSON	https://huggingface.co/datasets/OpenDriveLab/OpenScene/blob/a76f840b65e972bc45e56c2adced897498e9a026/openscene-v1.1/openscene_sensor_trainval_lidar/openscene_sensor_trainval_lidar_107.tgz
OpenScene	v1.1	trainval	lidar	openscene-v1.1/openscene_sensor_trainval_lidar/openscene_sensor_trainval_lidar_108.tgz	5763190241	HF tree API size @ a76f840b65e972bc45e56c2adced897498e9a026	nuPlan lineage, archive SHA unverified	public	compressed object or JSON	https://huggingface.co/datasets/OpenDriveLab/OpenScene/blob/a76f840b65e972bc45e56c2adced897498e9a026/openscene-v1.1/openscene_sensor_trainval_lidar/openscene_sensor_trainval_lidar_108.tgz
OpenScene	v1.1	trainval	lidar	openscene-v1.1/openscene_sensor_trainval_lidar/openscene_sensor_trainval_lidar_109.tgz	2163781441	HF tree API size @ a76f840b65e972bc45e56c2adced897498e9a026	nuPlan lineage, archive SHA unverified	public	compressed object or JSON	https://huggingface.co/datasets/OpenDriveLab/OpenScene/blob/a76f840b65e972bc45e56c2adced897498e9a026/openscene-v1.1/openscene_sensor_trainval_lidar/openscene_sensor_trainval_lidar_109.tgz
OpenScene	v1.1	trainval	lidar	openscene-v1.1/openscene_sensor_trainval_lidar/openscene_sensor_trainval_lidar_11.tgz	6478866840	HF tree API size @ a76f840b65e972bc45e56c2adced897498e9a026	nuPlan lineage, archive SHA unverified	public	compressed object or JSON	https://huggingface.co/datasets/OpenDriveLab/OpenScene/blob/a76f840b65e972bc45e56c2adced897498e9a026/openscene-v1.1/openscene_sensor_trainval_lidar/openscene_sensor_trainval_lidar_11.tgz
OpenScene	v1.1	trainval	lidar	openscene-v1.1/openscene_sensor_trainval_lidar/openscene_sensor_trainval_lidar_110.tgz	5165917837	HF tree API size @ a76f840b65e972bc45e56c2adced897498e9a026	nuPlan lineage, archive SHA unverified	public	compressed object or JSON	https://huggingface.co/datasets/OpenDriveLab/OpenScene/blob/a76f840b65e972bc45e56c2adced897498e9a026/openscene-v1.1/openscene_sensor_trainval_lidar/openscene_sensor_trainval_lidar_110.tgz
OpenScene	v1.1	trainval	lidar	openscene-v1.1/openscene_sensor_trainval_lidar/openscene_sensor_trainval_lidar_111.tgz	3515241470	HF tree API size @ a76f840b65e972bc45e56c2adced897498e9a026	nuPlan lineage, archive SHA unverified	public	compressed object or JSON	https://huggingface.co/datasets/OpenDriveLab/OpenScene/blob/a76f840b65e972bc45e56c2adced897498e9a026/openscene-v1.1/openscene_sensor_trainval_lidar/openscene_sensor_trainval_lidar_111.tgz
OpenScene	v1.1	trainval	lidar	openscene-v1.1/openscene_sensor_trainval_lidar/openscene_sensor_trainval_lidar_112.tgz	2669542257	HF tree API size @ a76f840b65e972bc45e56c2adced897498e9a026	nuPlan lineage, archive SHA unverified	public	compressed object or JSON	https://huggingface.co/datasets/OpenDriveLab/OpenScene/blob/a76f840b65e972bc45e56c2adced897498e9a026/openscene-v1.1/openscene_sensor_trainval_lidar/openscene_sensor_trainval_lidar_112.tgz
OpenScene	v1.1	trainval	lidar	openscene-v1.1/openscene_sensor_trainval_lidar/openscene_sensor_trainval_lidar_113.tgz	4060945588	HF tree API size @ a76f840b65e972bc45e56c2adced897498e9a026	nuPlan lineage, archive SHA unverified	public	compressed object or JSON	https://huggingface.co/datasets/OpenDriveLab/OpenScene/blob/a76f840b65e972bc45e56c2adced897498e9a026/openscene-v1.1/openscene_sensor_trainval_lidar/openscene_sensor_trainval_lidar_113.tgz
OpenScene	v1.1	trainval	lidar	openscene-v1.1/openscene_sensor_trainval_lidar/openscene_sensor_trainval_lidar_114.tgz	3234090349	HF tree API size @ a76f840b65e972bc45e56c2adced897498e9a026	nuPlan lineage, archive SHA unverified	public	compressed object or JSON	https://huggingface.co/datasets/OpenDriveLab/OpenScene/blob/a76f840b65e972bc45e56c2adced897498e9a026/openscene-v1.1/openscene_sensor_trainval_lidar/openscene_sensor_trainval_lidar_114.tgz
OpenScene	v1.1	trainval	lidar	openscene-v1.1/openscene_sensor_trainval_lidar/openscene_sensor_trainval_lidar_115.tgz	3686441921	HF tree API size @ a76f840b65e972bc45e56c2adced897498e9a026	nuPlan lineage, archive SHA unverified	public	compressed object or JSON	https://huggingface.co/datasets/OpenDriveLab/OpenScene/blob/a76f840b65e972bc45e56c2adced897498e9a026/openscene-v1.1/openscene_sensor_trainval_lidar/openscene_sensor_trainval_lidar_115.tgz
OpenScene	v1.1	trainval	lidar	openscene-v1.1/openscene_sensor_trainval_lidar/openscene_sensor_trainval_lidar_116.tgz	11679726573	HF tree API size @ a76f840b65e972bc45e56c2adced897498e9a026	nuPlan lineage, archive SHA unverified	public	compressed object or JSON	https://huggingface.co/datasets/OpenDriveLab/OpenScene/blob/a76f840b65e972bc45e56c2adced897498e9a026/openscene-v1.1/openscene_sensor_trainval_lidar/openscene_sensor_trainval_lidar_116.tgz
OpenScene	v1.1	trainval	lidar	openscene-v1.1/openscene_sensor_trainval_lidar/openscene_sensor_trainval_lidar_117.tgz	2492318027	HF tree API size @ a76f840b65e972bc45e56c2adced897498e9a026	nuPlan lineage, archive SHA unverified	public	compressed object or JSON	https://huggingface.co/datasets/OpenDriveLab/OpenScene/blob/a76f840b65e972bc45e56c2adced897498e9a026/openscene-v1.1/openscene_sensor_trainval_lidar/openscene_sensor_trainval_lidar_117.tgz
OpenScene	v1.1	trainval	lidar	openscene-v1.1/openscene_sensor_trainval_lidar/openscene_sensor_trainval_lidar_118.tgz	7968230317	HF tree API size @ a76f840b65e972bc45e56c2adced897498e9a026	nuPlan lineage, archive SHA unverified	public	compressed object or JSON	https://huggingface.co/datasets/OpenDriveLab/OpenScene/blob/a76f840b65e972bc45e56c2adced897498e9a026/openscene-v1.1/openscene_sensor_trainval_lidar/openscene_sensor_trainval_lidar_118.tgz
OpenScene	v1.1	trainval	lidar	openscene-v1.1/openscene_sensor_trainval_lidar/openscene_sensor_trainval_lidar_119.tgz	9457709411	HF tree API size @ a76f840b65e972bc45e56c2adced897498e9a026	nuPlan lineage, archive SHA unverified	public	compressed object or JSON	https://huggingface.co/datasets/OpenDriveLab/OpenScene/blob/a76f840b65e972bc45e56c2adced897498e9a026/openscene-v1.1/openscene_sensor_trainval_lidar/openscene_sensor_trainval_lidar_119.tgz
OpenScene	v1.1	trainval	lidar	openscene-v1.1/openscene_sensor_trainval_lidar/openscene_sensor_trainval_lidar_12.tgz	4023410727	HF tree API size @ a76f840b65e972bc45e56c2adced897498e9a026	nuPlan lineage, archive SHA unverified	public	compressed object or JSON	https://huggingface.co/datasets/OpenDriveLab/OpenScene/blob/a76f840b65e972bc45e56c2adced897498e9a026/openscene-v1.1/openscene_sensor_trainval_lidar/openscene_sensor_trainval_lidar_12.tgz
OpenScene	v1.1	trainval	lidar	openscene-v1.1/openscene_sensor_trainval_lidar/openscene_sensor_trainval_lidar_120.tgz	3784007386	HF tree API size @ a76f840b65e972bc45e56c2adced897498e9a026	nuPlan lineage, archive SHA unverified	public	compressed object or JSON	https://huggingface.co/datasets/OpenDriveLab/OpenScene/blob/a76f840b65e972bc45e56c2adced897498e9a026/openscene-v1.1/openscene_sensor_trainval_lidar/openscene_sensor_trainval_lidar_120.tgz
OpenScene	v1.1	trainval	lidar	openscene-v1.1/openscene_sensor_trainval_lidar/openscene_sensor_trainval_lidar_121.tgz	8243050490	HF tree API size @ a76f840b65e972bc45e56c2adced897498e9a026	nuPlan lineage, archive SHA unverified	public	compressed object or JSON	https://huggingface.co/datasets/OpenDriveLab/OpenScene/blob/a76f840b65e972bc45e56c2adced897498e9a026/openscene-v1.1/openscene_sensor_trainval_lidar/openscene_sensor_trainval_lidar_121.tgz
OpenScene	v1.1	trainval	lidar	openscene-v1.1/openscene_sensor_trainval_lidar/openscene_sensor_trainval_lidar_122.tgz	4159055495	HF tree API size @ a76f840b65e972bc45e56c2adced897498e9a026	nuPlan lineage, archive SHA unverified	public	compressed object or JSON	https://huggingface.co/datasets/OpenDriveLab/OpenScene/blob/a76f840b65e972bc45e56c2adced897498e9a026/openscene-v1.1/openscene_sensor_trainval_lidar/openscene_sensor_trainval_lidar_122.tgz
OpenScene	v1.1	trainval	lidar	openscene-v1.1/openscene_sensor_trainval_lidar/openscene_sensor_trainval_lidar_123.tgz	8122043187	HF tree API size @ a76f840b65e972bc45e56c2adced897498e9a026	nuPlan lineage, archive SHA unverified	public	compressed object or JSON	https://huggingface.co/datasets/OpenDriveLab/OpenScene/blob/a76f840b65e972bc45e56c2adced897498e9a026/openscene-v1.1/openscene_sensor_trainval_lidar/openscene_sensor_trainval_lidar_123.tgz
OpenScene	v1.1	trainval	lidar	openscene-v1.1/openscene_sensor_trainval_lidar/openscene_sensor_trainval_lidar_124.tgz	14460413421	HF tree API size @ a76f840b65e972bc45e56c2adced897498e9a026	nuPlan lineage, archive SHA unverified	public	compressed object or JSON	https://huggingface.co/datasets/OpenDriveLab/OpenScene/blob/a76f840b65e972bc45e56c2adced897498e9a026/openscene-v1.1/openscene_sensor_trainval_lidar/openscene_sensor_trainval_lidar_124.tgz
OpenScene	v1.1	trainval	lidar	openscene-v1.1/openscene_sensor_trainval_lidar/openscene_sensor_trainval_lidar_125.tgz	2322940798	HF tree API size @ a76f840b65e972bc45e56c2adced897498e9a026	nuPlan lineage, archive SHA unverified	public	compressed object or JSON	https://huggingface.co/datasets/OpenDriveLab/OpenScene/blob/a76f840b65e972bc45e56c2adced897498e9a026/openscene-v1.1/openscene_sensor_trainval_lidar/openscene_sensor_trainval_lidar_125.tgz
OpenScene	v1.1	trainval	lidar	openscene-v1.1/openscene_sensor_trainval_lidar/openscene_sensor_trainval_lidar_126.tgz	1699268146	HF tree API size @ a76f840b65e972bc45e56c2adced897498e9a026	nuPlan lineage, archive SHA unverified	public	compressed object or JSON	https://huggingface.co/datasets/OpenDriveLab/OpenScene/blob/a76f840b65e972bc45e56c2adced897498e9a026/openscene-v1.1/openscene_sensor_trainval_lidar/openscene_sensor_trainval_lidar_126.tgz
OpenScene	v1.1	trainval	lidar	openscene-v1.1/openscene_sensor_trainval_lidar/openscene_sensor_trainval_lidar_127.tgz	4252461343	HF tree API size @ a76f840b65e972bc45e56c2adced897498e9a026	nuPlan lineage, archive SHA unverified	public	compressed object or JSON	https://huggingface.co/datasets/OpenDriveLab/OpenScene/blob/a76f840b65e972bc45e56c2adced897498e9a026/openscene-v1.1/openscene_sensor_trainval_lidar/openscene_sensor_trainval_lidar_127.tgz
OpenScene	v1.1	trainval	lidar	openscene-v1.1/openscene_sensor_trainval_lidar/openscene_sensor_trainval_lidar_128.tgz	1858954638	HF tree API size @ a76f840b65e972bc45e56c2adced897498e9a026	nuPlan lineage, archive SHA unverified	public	compressed object or JSON	https://huggingface.co/datasets/OpenDriveLab/OpenScene/blob/a76f840b65e972bc45e56c2adced897498e9a026/openscene-v1.1/openscene_sensor_trainval_lidar/openscene_sensor_trainval_lidar_128.tgz
OpenScene	v1.1	trainval	lidar	openscene-v1.1/openscene_sensor_trainval_lidar/openscene_sensor_trainval_lidar_129.tgz	2942854640	HF tree API size @ a76f840b65e972bc45e56c2adced897498e9a026	nuPlan lineage, archive SHA unverified	public	compressed object or JSON	https://huggingface.co/datasets/OpenDriveLab/OpenScene/blob/a76f840b65e972bc45e56c2adced897498e9a026/openscene-v1.1/openscene_sensor_trainval_lidar/openscene_sensor_trainval_lidar_129.tgz
OpenScene	v1.1	trainval	lidar	openscene-v1.1/openscene_sensor_trainval_lidar/openscene_sensor_trainval_lidar_13.tgz	4969220953	HF tree API size @ a76f840b65e972bc45e56c2adced897498e9a026	nuPlan lineage, archive SHA unverified	public	compressed object or JSON	https://huggingface.co/datasets/OpenDriveLab/OpenScene/blob/a76f840b65e972bc45e56c2adced897498e9a026/openscene-v1.1/openscene_sensor_trainval_lidar/openscene_sensor_trainval_lidar_13.tgz
OpenScene	v1.1	trainval	lidar	openscene-v1.1/openscene_sensor_trainval_lidar/openscene_sensor_trainval_lidar_130.tgz	5464746306	HF tree API size @ a76f840b65e972bc45e56c2adced897498e9a026	nuPlan lineage, archive SHA unverified	public	compressed object or JSON	https://huggingface.co/datasets/OpenDriveLab/OpenScene/blob/a76f840b65e972bc45e56c2adced897498e9a026/openscene-v1.1/openscene_sensor_trainval_lidar/openscene_sensor_trainval_lidar_130.tgz
OpenScene	v1.1	trainval	lidar	openscene-v1.1/openscene_sensor_trainval_lidar/openscene_sensor_trainval_lidar_131.tgz	5603300003	HF tree API size @ a76f840b65e972bc45e56c2adced897498e9a026	nuPlan lineage, archive SHA unverified	public	compressed object or JSON	https://huggingface.co/datasets/OpenDriveLab/OpenScene/blob/a76f840b65e972bc45e56c2adced897498e9a026/openscene-v1.1/openscene_sensor_trainval_lidar/openscene_sensor_trainval_lidar_131.tgz
OpenScene	v1.1	trainval	lidar	openscene-v1.1/openscene_sensor_trainval_lidar/openscene_sensor_trainval_lidar_132.tgz	2756899552	HF tree API size @ a76f840b65e972bc45e56c2adced897498e9a026	nuPlan lineage, archive SHA unverified	public	compressed object or JSON	https://huggingface.co/datasets/OpenDriveLab/OpenScene/blob/a76f840b65e972bc45e56c2adced897498e9a026/openscene-v1.1/openscene_sensor_trainval_lidar/openscene_sensor_trainval_lidar_132.tgz
OpenScene	v1.1	trainval	lidar	openscene-v1.1/openscene_sensor_trainval_lidar/openscene_sensor_trainval_lidar_133.tgz	3975508685	HF tree API size @ a76f840b65e972bc45e56c2adced897498e9a026	nuPlan lineage, archive SHA unverified	public	compressed object or JSON	https://huggingface.co/datasets/OpenDriveLab/OpenScene/blob/a76f840b65e972bc45e56c2adced897498e9a026/openscene-v1.1/openscene_sensor_trainval_lidar/openscene_sensor_trainval_lidar_133.tgz
OpenScene	v1.1	trainval	lidar	openscene-v1.1/openscene_sensor_trainval_lidar/openscene_sensor_trainval_lidar_134.tgz	2531363108	HF tree API size @ a76f840b65e972bc45e56c2adced897498e9a026	nuPlan lineage, archive SHA unverified	public	compressed object or JSON	https://huggingface.co/datasets/OpenDriveLab/OpenScene/blob/a76f840b65e972bc45e56c2adced897498e9a026/openscene-v1.1/openscene_sensor_trainval_lidar/openscene_sensor_trainval_lidar_134.tgz
OpenScene	v1.1	trainval	lidar	openscene-v1.1/openscene_sensor_trainval_lidar/openscene_sensor_trainval_lidar_135.tgz	3259688784	HF tree API size @ a76f840b65e972bc45e56c2adced897498e9a026	nuPlan lineage, archive SHA unverified	public	compressed object or JSON	https://huggingface.co/datasets/OpenDriveLab/OpenScene/blob/a76f840b65e972bc45e56c2adced897498e9a026/openscene-v1.1/openscene_sensor_trainval_lidar/openscene_sensor_trainval_lidar_135.tgz
OpenScene	v1.1	trainval	lidar	openscene-v1.1/openscene_sensor_trainval_lidar/openscene_sensor_trainval_lidar_136.tgz	6527509473	HF tree API size @ a76f840b65e972bc45e56c2adced897498e9a026	nuPlan lineage, archive SHA unverified	public	compressed object or JSON	https://huggingface.co/datasets/OpenDriveLab/OpenScene/blob/a76f840b65e972bc45e56c2adced897498e9a026/openscene-v1.1/openscene_sensor_trainval_lidar/openscene_sensor_trainval_lidar_136.tgz
OpenScene	v1.1	trainval	lidar	openscene-v1.1/openscene_sensor_trainval_lidar/openscene_sensor_trainval_lidar_137.tgz	4679214906	HF tree API size @ a76f840b65e972bc45e56c2adced897498e9a026	nuPlan lineage, archive SHA unverified	public	compressed object or JSON	https://huggingface.co/datasets/OpenDriveLab/OpenScene/blob/a76f840b65e972bc45e56c2adced897498e9a026/openscene-v1.1/openscene_sensor_trainval_lidar/openscene_sensor_trainval_lidar_137.tgz
OpenScene	v1.1	trainval	lidar	openscene-v1.1/openscene_sensor_trainval_lidar/openscene_sensor_trainval_lidar_138.tgz	3941494922	HF tree API size @ a76f840b65e972bc45e56c2adced897498e9a026	nuPlan lineage, archive SHA unverified	public	compressed object or JSON	https://huggingface.co/datasets/OpenDriveLab/OpenScene/blob/a76f840b65e972bc45e56c2adced897498e9a026/openscene-v1.1/openscene_sensor_trainval_lidar/openscene_sensor_trainval_lidar_138.tgz
OpenScene	v1.1	trainval	lidar	openscene-v1.1/openscene_sensor_trainval_lidar/openscene_sensor_trainval_lidar_139.tgz	1984353455	HF tree API size @ a76f840b65e972bc45e56c2adced897498e9a026	nuPlan lineage, archive SHA unverified	public	compressed object or JSON	https://huggingface.co/datasets/OpenDriveLab/OpenScene/blob/a76f840b65e972bc45e56c2adced897498e9a026/openscene-v1.1/openscene_sensor_trainval_lidar/openscene_sensor_trainval_lidar_139.tgz
OpenScene	v1.1	trainval	lidar	openscene-v1.1/openscene_sensor_trainval_lidar/openscene_sensor_trainval_lidar_14.tgz	2898103846	HF tree API size @ a76f840b65e972bc45e56c2adced897498e9a026	nuPlan lineage, archive SHA unverified	public	compressed object or JSON	https://huggingface.co/datasets/OpenDriveLab/OpenScene/blob/a76f840b65e972bc45e56c2adced897498e9a026/openscene-v1.1/openscene_sensor_trainval_lidar/openscene_sensor_trainval_lidar_14.tgz
OpenScene	v1.1	trainval	lidar	openscene-v1.1/openscene_sensor_trainval_lidar/openscene_sensor_trainval_lidar_140.tgz	2947799147	HF tree API size @ a76f840b65e972bc45e56c2adced897498e9a026	nuPlan lineage, archive SHA unverified	public	compressed object or JSON	https://huggingface.co/datasets/OpenDriveLab/OpenScene/blob/a76f840b65e972bc45e56c2adced897498e9a026/openscene-v1.1/openscene_sensor_trainval_lidar/openscene_sensor_trainval_lidar_140.tgz
OpenScene	v1.1	trainval	lidar	openscene-v1.1/openscene_sensor_trainval_lidar/openscene_sensor_trainval_lidar_141.tgz	4049668036	HF tree API size @ a76f840b65e972bc45e56c2adced897498e9a026	nuPlan lineage, archive SHA unverified	public	compressed object or JSON	https://huggingface.co/datasets/OpenDriveLab/OpenScene/blob/a76f840b65e972bc45e56c2adced897498e9a026/openscene-v1.1/openscene_sensor_trainval_lidar/openscene_sensor_trainval_lidar_141.tgz
OpenScene	v1.1	trainval	lidar	openscene-v1.1/openscene_sensor_trainval_lidar/openscene_sensor_trainval_lidar_142.tgz	2285280411	HF tree API size @ a76f840b65e972bc45e56c2adced897498e9a026	nuPlan lineage, archive SHA unverified	public	compressed object or JSON	https://huggingface.co/datasets/OpenDriveLab/OpenScene/blob/a76f840b65e972bc45e56c2adced897498e9a026/openscene-v1.1/openscene_sensor_trainval_lidar/openscene_sensor_trainval_lidar_142.tgz
OpenScene	v1.1	trainval	lidar	openscene-v1.1/openscene_sensor_trainval_lidar/openscene_sensor_trainval_lidar_143.tgz	1707371932	HF tree API size @ a76f840b65e972bc45e56c2adced897498e9a026	nuPlan lineage, archive SHA unverified	public	compressed object or JSON	https://huggingface.co/datasets/OpenDriveLab/OpenScene/blob/a76f840b65e972bc45e56c2adced897498e9a026/openscene-v1.1/openscene_sensor_trainval_lidar/openscene_sensor_trainval_lidar_143.tgz
OpenScene	v1.1	trainval	lidar	openscene-v1.1/openscene_sensor_trainval_lidar/openscene_sensor_trainval_lidar_144.tgz	1572749588	HF tree API size @ a76f840b65e972bc45e56c2adced897498e9a026	nuPlan lineage, archive SHA unverified	public	compressed object or JSON	https://huggingface.co/datasets/OpenDriveLab/OpenScene/blob/a76f840b65e972bc45e56c2adced897498e9a026/openscene-v1.1/openscene_sensor_trainval_lidar/openscene_sensor_trainval_lidar_144.tgz
OpenScene	v1.1	trainval	lidar	openscene-v1.1/openscene_sensor_trainval_lidar/openscene_sensor_trainval_lidar_145.tgz	2762889339	HF tree API size @ a76f840b65e972bc45e56c2adced897498e9a026	nuPlan lineage, archive SHA unverified	public	compressed object or JSON	https://huggingface.co/datasets/OpenDriveLab/OpenScene/blob/a76f840b65e972bc45e56c2adced897498e9a026/openscene-v1.1/openscene_sensor_trainval_lidar/openscene_sensor_trainval_lidar_145.tgz
OpenScene	v1.1	trainval	lidar	openscene-v1.1/openscene_sensor_trainval_lidar/openscene_sensor_trainval_lidar_146.tgz	1228436113	HF tree API size @ a76f840b65e972bc45e56c2adced897498e9a026	nuPlan lineage, archive SHA unverified	public	compressed object or JSON	https://huggingface.co/datasets/OpenDriveLab/OpenScene/blob/a76f840b65e972bc45e56c2adced897498e9a026/openscene-v1.1/openscene_sensor_trainval_lidar/openscene_sensor_trainval_lidar_146.tgz
OpenScene	v1.1	trainval	lidar	openscene-v1.1/openscene_sensor_trainval_lidar/openscene_sensor_trainval_lidar_147.tgz	7480326678	HF tree API size @ a76f840b65e972bc45e56c2adced897498e9a026	nuPlan lineage, archive SHA unverified	public	compressed object or JSON	https://huggingface.co/datasets/OpenDriveLab/OpenScene/blob/a76f840b65e972bc45e56c2adced897498e9a026/openscene-v1.1/openscene_sensor_trainval_lidar/openscene_sensor_trainval_lidar_147.tgz
OpenScene	v1.1	trainval	lidar	openscene-v1.1/openscene_sensor_trainval_lidar/openscene_sensor_trainval_lidar_148.tgz	2612454723	HF tree API size @ a76f840b65e972bc45e56c2adced897498e9a026	nuPlan lineage, archive SHA unverified	public	compressed object or JSON	https://huggingface.co/datasets/OpenDriveLab/OpenScene/blob/a76f840b65e972bc45e56c2adced897498e9a026/openscene-v1.1/openscene_sensor_trainval_lidar/openscene_sensor_trainval_lidar_148.tgz
OpenScene	v1.1	trainval	lidar	openscene-v1.1/openscene_sensor_trainval_lidar/openscene_sensor_trainval_lidar_149.tgz	4590605348	HF tree API size @ a76f840b65e972bc45e56c2adced897498e9a026	nuPlan lineage, archive SHA unverified	public	compressed object or JSON	https://huggingface.co/datasets/OpenDriveLab/OpenScene/blob/a76f840b65e972bc45e56c2adced897498e9a026/openscene-v1.1/openscene_sensor_trainval_lidar/openscene_sensor_trainval_lidar_149.tgz
OpenScene	v1.1	trainval	lidar	openscene-v1.1/openscene_sensor_trainval_lidar/openscene_sensor_trainval_lidar_15.tgz	5096399064	HF tree API size @ a76f840b65e972bc45e56c2adced897498e9a026	nuPlan lineage, archive SHA unverified	public	compressed object or JSON	https://huggingface.co/datasets/OpenDriveLab/OpenScene/blob/a76f840b65e972bc45e56c2adced897498e9a026/openscene-v1.1/openscene_sensor_trainval_lidar/openscene_sensor_trainval_lidar_15.tgz
OpenScene	v1.1	trainval	lidar	openscene-v1.1/openscene_sensor_trainval_lidar/openscene_sensor_trainval_lidar_150.tgz	3238645262	HF tree API size @ a76f840b65e972bc45e56c2adced897498e9a026	nuPlan lineage, archive SHA unverified	public	compressed object or JSON	https://huggingface.co/datasets/OpenDriveLab/OpenScene/blob/a76f840b65e972bc45e56c2adced897498e9a026/openscene-v1.1/openscene_sensor_trainval_lidar/openscene_sensor_trainval_lidar_150.tgz
OpenScene	v1.1	trainval	lidar	openscene-v1.1/openscene_sensor_trainval_lidar/openscene_sensor_trainval_lidar_151.tgz	5670140581	HF tree API size @ a76f840b65e972bc45e56c2adced897498e9a026	nuPlan lineage, archive SHA unverified	public	compressed object or JSON	https://huggingface.co/datasets/OpenDriveLab/OpenScene/blob/a76f840b65e972bc45e56c2adced897498e9a026/openscene-v1.1/openscene_sensor_trainval_lidar/openscene_sensor_trainval_lidar_151.tgz
OpenScene	v1.1	trainval	lidar	openscene-v1.1/openscene_sensor_trainval_lidar/openscene_sensor_trainval_lidar_152.tgz	3106644423	HF tree API size @ a76f840b65e972bc45e56c2adced897498e9a026	nuPlan lineage, archive SHA unverified	public	compressed object or JSON	https://huggingface.co/datasets/OpenDriveLab/OpenScene/blob/a76f840b65e972bc45e56c2adced897498e9a026/openscene-v1.1/openscene_sensor_trainval_lidar/openscene_sensor_trainval_lidar_152.tgz
OpenScene	v1.1	trainval	lidar	openscene-v1.1/openscene_sensor_trainval_lidar/openscene_sensor_trainval_lidar_153.tgz	11149073205	HF tree API size @ a76f840b65e972bc45e56c2adced897498e9a026	nuPlan lineage, archive SHA unverified	public	compressed object or JSON	https://huggingface.co/datasets/OpenDriveLab/OpenScene/blob/a76f840b65e972bc45e56c2adced897498e9a026/openscene-v1.1/openscene_sensor_trainval_lidar/openscene_sensor_trainval_lidar_153.tgz
OpenScene	v1.1	trainval	lidar	openscene-v1.1/openscene_sensor_trainval_lidar/openscene_sensor_trainval_lidar_154.tgz	4223786392	HF tree API size @ a76f840b65e972bc45e56c2adced897498e9a026	nuPlan lineage, archive SHA unverified	public	compressed object or JSON	https://huggingface.co/datasets/OpenDriveLab/OpenScene/blob/a76f840b65e972bc45e56c2adced897498e9a026/openscene-v1.1/openscene_sensor_trainval_lidar/openscene_sensor_trainval_lidar_154.tgz
OpenScene	v1.1	trainval	lidar	openscene-v1.1/openscene_sensor_trainval_lidar/openscene_sensor_trainval_lidar_155.tgz	2179946653	HF tree API size @ a76f840b65e972bc45e56c2adced897498e9a026	nuPlan lineage, archive SHA unverified	public	compressed object or JSON	https://huggingface.co/datasets/OpenDriveLab/OpenScene/blob/a76f840b65e972bc45e56c2adced897498e9a026/openscene-v1.1/openscene_sensor_trainval_lidar/openscene_sensor_trainval_lidar_155.tgz
OpenScene	v1.1	trainval	lidar	openscene-v1.1/openscene_sensor_trainval_lidar/openscene_sensor_trainval_lidar_156.tgz	4725933580	HF tree API size @ a76f840b65e972bc45e56c2adced897498e9a026	nuPlan lineage, archive SHA unverified	public	compressed object or JSON	https://huggingface.co/datasets/OpenDriveLab/OpenScene/blob/a76f840b65e972bc45e56c2adced897498e9a026/openscene-v1.1/openscene_sensor_trainval_lidar/openscene_sensor_trainval_lidar_156.tgz
OpenScene	v1.1	trainval	lidar	openscene-v1.1/openscene_sensor_trainval_lidar/openscene_sensor_trainval_lidar_157.tgz	2114541555	HF tree API size @ a76f840b65e972bc45e56c2adced897498e9a026	nuPlan lineage, archive SHA unverified	public	compressed object or JSON	https://huggingface.co/datasets/OpenDriveLab/OpenScene/blob/a76f840b65e972bc45e56c2adced897498e9a026/openscene-v1.1/openscene_sensor_trainval_lidar/openscene_sensor_trainval_lidar_157.tgz
OpenScene	v1.1	trainval	lidar	openscene-v1.1/openscene_sensor_trainval_lidar/openscene_sensor_trainval_lidar_158.tgz	2478122343	HF tree API size @ a76f840b65e972bc45e56c2adced897498e9a026	nuPlan lineage, archive SHA unverified	public	compressed object or JSON	https://huggingface.co/datasets/OpenDriveLab/OpenScene/blob/a76f840b65e972bc45e56c2adced897498e9a026/openscene-v1.1/openscene_sensor_trainval_lidar/openscene_sensor_trainval_lidar_158.tgz
OpenScene	v1.1	trainval	lidar	openscene-v1.1/openscene_sensor_trainval_lidar/openscene_sensor_trainval_lidar_159.tgz	3760839049	HF tree API size @ a76f840b65e972bc45e56c2adced897498e9a026	nuPlan lineage, archive SHA unverified	public	compressed object or JSON	https://huggingface.co/datasets/OpenDriveLab/OpenScene/blob/a76f840b65e972bc45e56c2adced897498e9a026/openscene-v1.1/openscene_sensor_trainval_lidar/openscene_sensor_trainval_lidar_159.tgz
OpenScene	v1.1	trainval	lidar	openscene-v1.1/openscene_sensor_trainval_lidar/openscene_sensor_trainval_lidar_16.tgz	2497405251	HF tree API size @ a76f840b65e972bc45e56c2adced897498e9a026	nuPlan lineage, archive SHA unverified	public	compressed object or JSON	https://huggingface.co/datasets/OpenDriveLab/OpenScene/blob/a76f840b65e972bc45e56c2adced897498e9a026/openscene-v1.1/openscene_sensor_trainval_lidar/openscene_sensor_trainval_lidar_16.tgz
OpenScene	v1.1	trainval	lidar	openscene-v1.1/openscene_sensor_trainval_lidar/openscene_sensor_trainval_lidar_160.tgz	3606195891	HF tree API size @ a76f840b65e972bc45e56c2adced897498e9a026	nuPlan lineage, archive SHA unverified	public	compressed object or JSON	https://huggingface.co/datasets/OpenDriveLab/OpenScene/blob/a76f840b65e972bc45e56c2adced897498e9a026/openscene-v1.1/openscene_sensor_trainval_lidar/openscene_sensor_trainval_lidar_160.tgz
OpenScene	v1.1	trainval	lidar	openscene-v1.1/openscene_sensor_trainval_lidar/openscene_sensor_trainval_lidar_161.tgz	7457439640	HF tree API size @ a76f840b65e972bc45e56c2adced897498e9a026	nuPlan lineage, archive SHA unverified	public	compressed object or JSON	https://huggingface.co/datasets/OpenDriveLab/OpenScene/blob/a76f840b65e972bc45e56c2adced897498e9a026/openscene-v1.1/openscene_sensor_trainval_lidar/openscene_sensor_trainval_lidar_161.tgz
OpenScene	v1.1	trainval	lidar	openscene-v1.1/openscene_sensor_trainval_lidar/openscene_sensor_trainval_lidar_162.tgz	2647261687	HF tree API size @ a76f840b65e972bc45e56c2adced897498e9a026	nuPlan lineage, archive SHA unverified	public	compressed object or JSON	https://huggingface.co/datasets/OpenDriveLab/OpenScene/blob/a76f840b65e972bc45e56c2adced897498e9a026/openscene-v1.1/openscene_sensor_trainval_lidar/openscene_sensor_trainval_lidar_162.tgz
OpenScene	v1.1	trainval	lidar	openscene-v1.1/openscene_sensor_trainval_lidar/openscene_sensor_trainval_lidar_163.tgz	2223042993	HF tree API size @ a76f840b65e972bc45e56c2adced897498e9a026	nuPlan lineage, archive SHA unverified	public	compressed object or JSON	https://huggingface.co/datasets/OpenDriveLab/OpenScene/blob/a76f840b65e972bc45e56c2adced897498e9a026/openscene-v1.1/openscene_sensor_trainval_lidar/openscene_sensor_trainval_lidar_163.tgz
OpenScene	v1.1	trainval	lidar	openscene-v1.1/openscene_sensor_trainval_lidar/openscene_sensor_trainval_lidar_164.tgz	3953183076	HF tree API size @ a76f840b65e972bc45e56c2adced897498e9a026	nuPlan lineage, archive SHA unverified	public	compressed object or JSON	https://huggingface.co/datasets/OpenDriveLab/OpenScene/blob/a76f840b65e972bc45e56c2adced897498e9a026/openscene-v1.1/openscene_sensor_trainval_lidar/openscene_sensor_trainval_lidar_164.tgz
OpenScene	v1.1	trainval	lidar	openscene-v1.1/openscene_sensor_trainval_lidar/openscene_sensor_trainval_lidar_165.tgz	4934573657	HF tree API size @ a76f840b65e972bc45e56c2adced897498e9a026	nuPlan lineage, archive SHA unverified	public	compressed object or JSON	https://huggingface.co/datasets/OpenDriveLab/OpenScene/blob/a76f840b65e972bc45e56c2adced897498e9a026/openscene-v1.1/openscene_sensor_trainval_lidar/openscene_sensor_trainval_lidar_165.tgz
OpenScene	v1.1	trainval	lidar	openscene-v1.1/openscene_sensor_trainval_lidar/openscene_sensor_trainval_lidar_166.tgz	5667121888	HF tree API size @ a76f840b65e972bc45e56c2adced897498e9a026	nuPlan lineage, archive SHA unverified	public	compressed object or JSON	https://huggingface.co/datasets/OpenDriveLab/OpenScene/blob/a76f840b65e972bc45e56c2adced897498e9a026/openscene-v1.1/openscene_sensor_trainval_lidar/openscene_sensor_trainval_lidar_166.tgz
OpenScene	v1.1	trainval	lidar	openscene-v1.1/openscene_sensor_trainval_lidar/openscene_sensor_trainval_lidar_167.tgz	2727264260	HF tree API size @ a76f840b65e972bc45e56c2adced897498e9a026	nuPlan lineage, archive SHA unverified	public	compressed object or JSON	https://huggingface.co/datasets/OpenDriveLab/OpenScene/blob/a76f840b65e972bc45e56c2adced897498e9a026/openscene-v1.1/openscene_sensor_trainval_lidar/openscene_sensor_trainval_lidar_167.tgz
OpenScene	v1.1	trainval	lidar	openscene-v1.1/openscene_sensor_trainval_lidar/openscene_sensor_trainval_lidar_168.tgz	4243942350	HF tree API size @ a76f840b65e972bc45e56c2adced897498e9a026	nuPlan lineage, archive SHA unverified	public	compressed object or JSON	https://huggingface.co/datasets/OpenDriveLab/OpenScene/blob/a76f840b65e972bc45e56c2adced897498e9a026/openscene-v1.1/openscene_sensor_trainval_lidar/openscene_sensor_trainval_lidar_168.tgz
OpenScene	v1.1	trainval	lidar	openscene-v1.1/openscene_sensor_trainval_lidar/openscene_sensor_trainval_lidar_169.tgz	4547889293	HF tree API size @ a76f840b65e972bc45e56c2adced897498e9a026	nuPlan lineage, archive SHA unverified	public	compressed object or JSON	https://huggingface.co/datasets/OpenDriveLab/OpenScene/blob/a76f840b65e972bc45e56c2adced897498e9a026/openscene-v1.1/openscene_sensor_trainval_lidar/openscene_sensor_trainval_lidar_169.tgz
OpenScene	v1.1	trainval	lidar	openscene-v1.1/openscene_sensor_trainval_lidar/openscene_sensor_trainval_lidar_17.tgz	8973683753	HF tree API size @ a76f840b65e972bc45e56c2adced897498e9a026	nuPlan lineage, archive SHA unverified	public	compressed object or JSON	https://huggingface.co/datasets/OpenDriveLab/OpenScene/blob/a76f840b65e972bc45e56c2adced897498e9a026/openscene-v1.1/openscene_sensor_trainval_lidar/openscene_sensor_trainval_lidar_17.tgz
OpenScene	v1.1	trainval	lidar	openscene-v1.1/openscene_sensor_trainval_lidar/openscene_sensor_trainval_lidar_170.tgz	3450390723	HF tree API size @ a76f840b65e972bc45e56c2adced897498e9a026	nuPlan lineage, archive SHA unverified	public	compressed object or JSON	https://huggingface.co/datasets/OpenDriveLab/OpenScene/blob/a76f840b65e972bc45e56c2adced897498e9a026/openscene-v1.1/openscene_sensor_trainval_lidar/openscene_sensor_trainval_lidar_170.tgz
OpenScene	v1.1	trainval	lidar	openscene-v1.1/openscene_sensor_trainval_lidar/openscene_sensor_trainval_lidar_171.tgz	2758838317	HF tree API size @ a76f840b65e972bc45e56c2adced897498e9a026	nuPlan lineage, archive SHA unverified	public	compressed object or JSON	https://huggingface.co/datasets/OpenDriveLab/OpenScene/blob/a76f840b65e972bc45e56c2adced897498e9a026/openscene-v1.1/openscene_sensor_trainval_lidar/openscene_sensor_trainval_lidar_171.tgz
OpenScene	v1.1	trainval	lidar	openscene-v1.1/openscene_sensor_trainval_lidar/openscene_sensor_trainval_lidar_172.tgz	3049764672	HF tree API size @ a76f840b65e972bc45e56c2adced897498e9a026	nuPlan lineage, archive SHA unverified	public	compressed object or JSON	https://huggingface.co/datasets/OpenDriveLab/OpenScene/blob/a76f840b65e972bc45e56c2adced897498e9a026/openscene-v1.1/openscene_sensor_trainval_lidar/openscene_sensor_trainval_lidar_172.tgz
OpenScene	v1.1	trainval	lidar	openscene-v1.1/openscene_sensor_trainval_lidar/openscene_sensor_trainval_lidar_173.tgz	3146161320	HF tree API size @ a76f840b65e972bc45e56c2adced897498e9a026	nuPlan lineage, archive SHA unverified	public	compressed object or JSON	https://huggingface.co/datasets/OpenDriveLab/OpenScene/blob/a76f840b65e972bc45e56c2adced897498e9a026/openscene-v1.1/openscene_sensor_trainval_lidar/openscene_sensor_trainval_lidar_173.tgz
OpenScene	v1.1	trainval	lidar	openscene-v1.1/openscene_sensor_trainval_lidar/openscene_sensor_trainval_lidar_174.tgz	5819388024	HF tree API size @ a76f840b65e972bc45e56c2adced897498e9a026	nuPlan lineage, archive SHA unverified	public	compressed object or JSON	https://huggingface.co/datasets/OpenDriveLab/OpenScene/blob/a76f840b65e972bc45e56c2adced897498e9a026/openscene-v1.1/openscene_sensor_trainval_lidar/openscene_sensor_trainval_lidar_174.tgz
OpenScene	v1.1	trainval	lidar	openscene-v1.1/openscene_sensor_trainval_lidar/openscene_sensor_trainval_lidar_175.tgz	4215205338	HF tree API size @ a76f840b65e972bc45e56c2adced897498e9a026	nuPlan lineage, archive SHA unverified	public	compressed object or JSON	https://huggingface.co/datasets/OpenDriveLab/OpenScene/blob/a76f840b65e972bc45e56c2adced897498e9a026/openscene-v1.1/openscene_sensor_trainval_lidar/openscene_sensor_trainval_lidar_175.tgz
OpenScene	v1.1	trainval	lidar	openscene-v1.1/openscene_sensor_trainval_lidar/openscene_sensor_trainval_lidar_176.tgz	4918976774	HF tree API size @ a76f840b65e972bc45e56c2adced897498e9a026	nuPlan lineage, archive SHA unverified	public	compressed object or JSON	https://huggingface.co/datasets/OpenDriveLab/OpenScene/blob/a76f840b65e972bc45e56c2adced897498e9a026/openscene-v1.1/openscene_sensor_trainval_lidar/openscene_sensor_trainval_lidar_176.tgz
OpenScene	v1.1	trainval	lidar	openscene-v1.1/openscene_sensor_trainval_lidar/openscene_sensor_trainval_lidar_177.tgz	3638816121	HF tree API size @ a76f840b65e972bc45e56c2adced897498e9a026	nuPlan lineage, archive SHA unverified	public	compressed object or JSON	https://huggingface.co/datasets/OpenDriveLab/OpenScene/blob/a76f840b65e972bc45e56c2adced897498e9a026/openscene-v1.1/openscene_sensor_trainval_lidar/openscene_sensor_trainval_lidar_177.tgz
OpenScene	v1.1	trainval	lidar	openscene-v1.1/openscene_sensor_trainval_lidar/openscene_sensor_trainval_lidar_178.tgz	2427160060	HF tree API size @ a76f840b65e972bc45e56c2adced897498e9a026	nuPlan lineage, archive SHA unverified	public	compressed object or JSON	https://huggingface.co/datasets/OpenDriveLab/OpenScene/blob/a76f840b65e972bc45e56c2adced897498e9a026/openscene-v1.1/openscene_sensor_trainval_lidar/openscene_sensor_trainval_lidar_178.tgz
OpenScene	v1.1	trainval	lidar	openscene-v1.1/openscene_sensor_trainval_lidar/openscene_sensor_trainval_lidar_179.tgz	3610876461	HF tree API size @ a76f840b65e972bc45e56c2adced897498e9a026	nuPlan lineage, archive SHA unverified	public	compressed object or JSON	https://huggingface.co/datasets/OpenDriveLab/OpenScene/blob/a76f840b65e972bc45e56c2adced897498e9a026/openscene-v1.1/openscene_sensor_trainval_lidar/openscene_sensor_trainval_lidar_179.tgz
OpenScene	v1.1	trainval	lidar	openscene-v1.1/openscene_sensor_trainval_lidar/openscene_sensor_trainval_lidar_18.tgz	2475635360	HF tree API size @ a76f840b65e972bc45e56c2adced897498e9a026	nuPlan lineage, archive SHA unverified	public	compressed object or JSON	https://huggingface.co/datasets/OpenDriveLab/OpenScene/blob/a76f840b65e972bc45e56c2adced897498e9a026/openscene-v1.1/openscene_sensor_trainval_lidar/openscene_sensor_trainval_lidar_18.tgz
OpenScene	v1.1	trainval	lidar	openscene-v1.1/openscene_sensor_trainval_lidar/openscene_sensor_trainval_lidar_180.tgz	9728270842	HF tree API size @ a76f840b65e972bc45e56c2adced897498e9a026	nuPlan lineage, archive SHA unverified	public	compressed object or JSON	https://huggingface.co/datasets/OpenDriveLab/OpenScene/blob/a76f840b65e972bc45e56c2adced897498e9a026/openscene-v1.1/openscene_sensor_trainval_lidar/openscene_sensor_trainval_lidar_180.tgz
OpenScene	v1.1	trainval	lidar	openscene-v1.1/openscene_sensor_trainval_lidar/openscene_sensor_trainval_lidar_181.tgz	5659370025	HF tree API size @ a76f840b65e972bc45e56c2adced897498e9a026	nuPlan lineage, archive SHA unverified	public	compressed object or JSON	https://huggingface.co/datasets/OpenDriveLab/OpenScene/blob/a76f840b65e972bc45e56c2adced897498e9a026/openscene-v1.1/openscene_sensor_trainval_lidar/openscene_sensor_trainval_lidar_181.tgz
OpenScene	v1.1	trainval	lidar	openscene-v1.1/openscene_sensor_trainval_lidar/openscene_sensor_trainval_lidar_182.tgz	2955189985	HF tree API size @ a76f840b65e972bc45e56c2adced897498e9a026	nuPlan lineage, archive SHA unverified	public	compressed object or JSON	https://huggingface.co/datasets/OpenDriveLab/OpenScene/blob/a76f840b65e972bc45e56c2adced897498e9a026/openscene-v1.1/openscene_sensor_trainval_lidar/openscene_sensor_trainval_lidar_182.tgz
OpenScene	v1.1	trainval	lidar	openscene-v1.1/openscene_sensor_trainval_lidar/openscene_sensor_trainval_lidar_183.tgz	2938483278	HF tree API size @ a76f840b65e972bc45e56c2adced897498e9a026	nuPlan lineage, archive SHA unverified	public	compressed object or JSON	https://huggingface.co/datasets/OpenDriveLab/OpenScene/blob/a76f840b65e972bc45e56c2adced897498e9a026/openscene-v1.1/openscene_sensor_trainval_lidar/openscene_sensor_trainval_lidar_183.tgz
OpenScene	v1.1	trainval	lidar	openscene-v1.1/openscene_sensor_trainval_lidar/openscene_sensor_trainval_lidar_184.tgz	3229126276	HF tree API size @ a76f840b65e972bc45e56c2adced897498e9a026	nuPlan lineage, archive SHA unverified	public	compressed object or JSON	https://huggingface.co/datasets/OpenDriveLab/OpenScene/blob/a76f840b65e972bc45e56c2adced897498e9a026/openscene-v1.1/openscene_sensor_trainval_lidar/openscene_sensor_trainval_lidar_184.tgz
OpenScene	v1.1	trainval	lidar	openscene-v1.1/openscene_sensor_trainval_lidar/openscene_sensor_trainval_lidar_185.tgz	3259816367	HF tree API size @ a76f840b65e972bc45e56c2adced897498e9a026	nuPlan lineage, archive SHA unverified	public	compressed object or JSON	https://huggingface.co/datasets/OpenDriveLab/OpenScene/blob/a76f840b65e972bc45e56c2adced897498e9a026/openscene-v1.1/openscene_sensor_trainval_lidar/openscene_sensor_trainval_lidar_185.tgz
OpenScene	v1.1	trainval	lidar	openscene-v1.1/openscene_sensor_trainval_lidar/openscene_sensor_trainval_lidar_186.tgz	5380402877	HF tree API size @ a76f840b65e972bc45e56c2adced897498e9a026	nuPlan lineage, archive SHA unverified	public	compressed object or JSON	https://huggingface.co/datasets/OpenDriveLab/OpenScene/blob/a76f840b65e972bc45e56c2adced897498e9a026/openscene-v1.1/openscene_sensor_trainval_lidar/openscene_sensor_trainval_lidar_186.tgz
OpenScene	v1.1	trainval	lidar	openscene-v1.1/openscene_sensor_trainval_lidar/openscene_sensor_trainval_lidar_187.tgz	3752573822	HF tree API size @ a76f840b65e972bc45e56c2adced897498e9a026	nuPlan lineage, archive SHA unverified	public	compressed object or JSON	https://huggingface.co/datasets/OpenDriveLab/OpenScene/blob/a76f840b65e972bc45e56c2adced897498e9a026/openscene-v1.1/openscene_sensor_trainval_lidar/openscene_sensor_trainval_lidar_187.tgz
OpenScene	v1.1	trainval	lidar	openscene-v1.1/openscene_sensor_trainval_lidar/openscene_sensor_trainval_lidar_188.tgz	2825640988	HF tree API size @ a76f840b65e972bc45e56c2adced897498e9a026	nuPlan lineage, archive SHA unverified	public	compressed object or JSON	https://huggingface.co/datasets/OpenDriveLab/OpenScene/blob/a76f840b65e972bc45e56c2adced897498e9a026/openscene-v1.1/openscene_sensor_trainval_lidar/openscene_sensor_trainval_lidar_188.tgz
OpenScene	v1.1	trainval	lidar	openscene-v1.1/openscene_sensor_trainval_lidar/openscene_sensor_trainval_lidar_189.tgz	4300159047	HF tree API size @ a76f840b65e972bc45e56c2adced897498e9a026	nuPlan lineage, archive SHA unverified	public	compressed object or JSON	https://huggingface.co/datasets/OpenDriveLab/OpenScene/blob/a76f840b65e972bc45e56c2adced897498e9a026/openscene-v1.1/openscene_sensor_trainval_lidar/openscene_sensor_trainval_lidar_189.tgz
OpenScene	v1.1	trainval	lidar	openscene-v1.1/openscene_sensor_trainval_lidar/openscene_sensor_trainval_lidar_19.tgz	3024280294	HF tree API size @ a76f840b65e972bc45e56c2adced897498e9a026	nuPlan lineage, archive SHA unverified	public	compressed object or JSON	https://huggingface.co/datasets/OpenDriveLab/OpenScene/blob/a76f840b65e972bc45e56c2adced897498e9a026/openscene-v1.1/openscene_sensor_trainval_lidar/openscene_sensor_trainval_lidar_19.tgz
OpenScene	v1.1	trainval	lidar	openscene-v1.1/openscene_sensor_trainval_lidar/openscene_sensor_trainval_lidar_190.tgz	2644076678	HF tree API size @ a76f840b65e972bc45e56c2adced897498e9a026	nuPlan lineage, archive SHA unverified	public	compressed object or JSON	https://huggingface.co/datasets/OpenDriveLab/OpenScene/blob/a76f840b65e972bc45e56c2adced897498e9a026/openscene-v1.1/openscene_sensor_trainval_lidar/openscene_sensor_trainval_lidar_190.tgz
OpenScene	v1.1	trainval	lidar	openscene-v1.1/openscene_sensor_trainval_lidar/openscene_sensor_trainval_lidar_191.tgz	11439237428	HF tree API size @ a76f840b65e972bc45e56c2adced897498e9a026	nuPlan lineage, archive SHA unverified	public	compressed object or JSON	https://huggingface.co/datasets/OpenDriveLab/OpenScene/blob/a76f840b65e972bc45e56c2adced897498e9a026/openscene-v1.1/openscene_sensor_trainval_lidar/openscene_sensor_trainval_lidar_191.tgz
OpenScene	v1.1	trainval	lidar	openscene-v1.1/openscene_sensor_trainval_lidar/openscene_sensor_trainval_lidar_192.tgz	2804876869	HF tree API size @ a76f840b65e972bc45e56c2adced897498e9a026	nuPlan lineage, archive SHA unverified	public	compressed object or JSON	https://huggingface.co/datasets/OpenDriveLab/OpenScene/blob/a76f840b65e972bc45e56c2adced897498e9a026/openscene-v1.1/openscene_sensor_trainval_lidar/openscene_sensor_trainval_lidar_192.tgz
OpenScene	v1.1	trainval	lidar	openscene-v1.1/openscene_sensor_trainval_lidar/openscene_sensor_trainval_lidar_193.tgz	4221703240	HF tree API size @ a76f840b65e972bc45e56c2adced897498e9a026	nuPlan lineage, archive SHA unverified	public	compressed object or JSON	https://huggingface.co/datasets/OpenDriveLab/OpenScene/blob/a76f840b65e972bc45e56c2adced897498e9a026/openscene-v1.1/openscene_sensor_trainval_lidar/openscene_sensor_trainval_lidar_193.tgz
OpenScene	v1.1	trainval	lidar	openscene-v1.1/openscene_sensor_trainval_lidar/openscene_sensor_trainval_lidar_194.tgz	4341975577	HF tree API size @ a76f840b65e972bc45e56c2adced897498e9a026	nuPlan lineage, archive SHA unverified	public	compressed object or JSON	https://huggingface.co/datasets/OpenDriveLab/OpenScene/blob/a76f840b65e972bc45e56c2adced897498e9a026/openscene-v1.1/openscene_sensor_trainval_lidar/openscene_sensor_trainval_lidar_194.tgz
OpenScene	v1.1	trainval	lidar	openscene-v1.1/openscene_sensor_trainval_lidar/openscene_sensor_trainval_lidar_195.tgz	6930603580	HF tree API size @ a76f840b65e972bc45e56c2adced897498e9a026	nuPlan lineage, archive SHA unverified	public	compressed object or JSON	https://huggingface.co/datasets/OpenDriveLab/OpenScene/blob/a76f840b65e972bc45e56c2adced897498e9a026/openscene-v1.1/openscene_sensor_trainval_lidar/openscene_sensor_trainval_lidar_195.tgz
OpenScene	v1.1	trainval	lidar	openscene-v1.1/openscene_sensor_trainval_lidar/openscene_sensor_trainval_lidar_196.tgz	5739619058	HF tree API size @ a76f840b65e972bc45e56c2adced897498e9a026	nuPlan lineage, archive SHA unverified	public	compressed object or JSON	https://huggingface.co/datasets/OpenDriveLab/OpenScene/blob/a76f840b65e972bc45e56c2adced897498e9a026/openscene-v1.1/openscene_sensor_trainval_lidar/openscene_sensor_trainval_lidar_196.tgz
OpenScene	v1.1	trainval	lidar	openscene-v1.1/openscene_sensor_trainval_lidar/openscene_sensor_trainval_lidar_197.tgz	2796564978	HF tree API size @ a76f840b65e972bc45e56c2adced897498e9a026	nuPlan lineage, archive SHA unverified	public	compressed object or JSON	https://huggingface.co/datasets/OpenDriveLab/OpenScene/blob/a76f840b65e972bc45e56c2adced897498e9a026/openscene-v1.1/openscene_sensor_trainval_lidar/openscene_sensor_trainval_lidar_197.tgz
OpenScene	v1.1	trainval	lidar	openscene-v1.1/openscene_sensor_trainval_lidar/openscene_sensor_trainval_lidar_198.tgz	4848735621	HF tree API size @ a76f840b65e972bc45e56c2adced897498e9a026	nuPlan lineage, archive SHA unverified	public	compressed object or JSON	https://huggingface.co/datasets/OpenDriveLab/OpenScene/blob/a76f840b65e972bc45e56c2adced897498e9a026/openscene-v1.1/openscene_sensor_trainval_lidar/openscene_sensor_trainval_lidar_198.tgz
OpenScene	v1.1	trainval	lidar	openscene-v1.1/openscene_sensor_trainval_lidar/openscene_sensor_trainval_lidar_199.tgz	3047452457	HF tree API size @ a76f840b65e972bc45e56c2adced897498e9a026	nuPlan lineage, archive SHA unverified	public	compressed object or JSON	https://huggingface.co/datasets/OpenDriveLab/OpenScene/blob/a76f840b65e972bc45e56c2adced897498e9a026/openscene-v1.1/openscene_sensor_trainval_lidar/openscene_sensor_trainval_lidar_199.tgz
OpenScene	v1.1	trainval	lidar	openscene-v1.1/openscene_sensor_trainval_lidar/openscene_sensor_trainval_lidar_2.tgz	6229072454	HF tree API size @ a76f840b65e972bc45e56c2adced897498e9a026	nuPlan lineage, archive SHA unverified	public	compressed object or JSON	https://huggingface.co/datasets/OpenDriveLab/OpenScene/blob/a76f840b65e972bc45e56c2adced897498e9a026/openscene-v1.1/openscene_sensor_trainval_lidar/openscene_sensor_trainval_lidar_2.tgz
OpenScene	v1.1	trainval	lidar	openscene-v1.1/openscene_sensor_trainval_lidar/openscene_sensor_trainval_lidar_20.tgz	10009050234	HF tree API size @ a76f840b65e972bc45e56c2adced897498e9a026	nuPlan lineage, archive SHA unverified	public	compressed object or JSON	https://huggingface.co/datasets/OpenDriveLab/OpenScene/blob/a76f840b65e972bc45e56c2adced897498e9a026/openscene-v1.1/openscene_sensor_trainval_lidar/openscene_sensor_trainval_lidar_20.tgz
OpenScene	v1.1	trainval	lidar	openscene-v1.1/openscene_sensor_trainval_lidar/openscene_sensor_trainval_lidar_21.tgz	2506540612	HF tree API size @ a76f840b65e972bc45e56c2adced897498e9a026	nuPlan lineage, archive SHA unverified	public	compressed object or JSON	https://huggingface.co/datasets/OpenDriveLab/OpenScene/blob/a76f840b65e972bc45e56c2adced897498e9a026/openscene-v1.1/openscene_sensor_trainval_lidar/openscene_sensor_trainval_lidar_21.tgz
OpenScene	v1.1	trainval	lidar	openscene-v1.1/openscene_sensor_trainval_lidar/openscene_sensor_trainval_lidar_22.tgz	3569248689	HF tree API size @ a76f840b65e972bc45e56c2adced897498e9a026	nuPlan lineage, archive SHA unverified	public	compressed object or JSON	https://huggingface.co/datasets/OpenDriveLab/OpenScene/blob/a76f840b65e972bc45e56c2adced897498e9a026/openscene-v1.1/openscene_sensor_trainval_lidar/openscene_sensor_trainval_lidar_22.tgz
OpenScene	v1.1	trainval	lidar	openscene-v1.1/openscene_sensor_trainval_lidar/openscene_sensor_trainval_lidar_23.tgz	2464094279	HF tree API size @ a76f840b65e972bc45e56c2adced897498e9a026	nuPlan lineage, archive SHA unverified	public	compressed object or JSON	https://huggingface.co/datasets/OpenDriveLab/OpenScene/blob/a76f840b65e972bc45e56c2adced897498e9a026/openscene-v1.1/openscene_sensor_trainval_lidar/openscene_sensor_trainval_lidar_23.tgz
OpenScene	v1.1	trainval	lidar	openscene-v1.1/openscene_sensor_trainval_lidar/openscene_sensor_trainval_lidar_24.tgz	7999996183	HF tree API size @ a76f840b65e972bc45e56c2adced897498e9a026	nuPlan lineage, archive SHA unverified	public	compressed object or JSON	https://huggingface.co/datasets/OpenDriveLab/OpenScene/blob/a76f840b65e972bc45e56c2adced897498e9a026/openscene-v1.1/openscene_sensor_trainval_lidar/openscene_sensor_trainval_lidar_24.tgz
OpenScene	v1.1	trainval	lidar	openscene-v1.1/openscene_sensor_trainval_lidar/openscene_sensor_trainval_lidar_25.tgz	9230981171	HF tree API size @ a76f840b65e972bc45e56c2adced897498e9a026	nuPlan lineage, archive SHA unverified	public	compressed object or JSON	https://huggingface.co/datasets/OpenDriveLab/OpenScene/blob/a76f840b65e972bc45e56c2adced897498e9a026/openscene-v1.1/openscene_sensor_trainval_lidar/openscene_sensor_trainval_lidar_25.tgz
OpenScene	v1.1	trainval	lidar	openscene-v1.1/openscene_sensor_trainval_lidar/openscene_sensor_trainval_lidar_26.tgz	4106214639	HF tree API size @ a76f840b65e972bc45e56c2adced897498e9a026	nuPlan lineage, archive SHA unverified	public	compressed object or JSON	https://huggingface.co/datasets/OpenDriveLab/OpenScene/blob/a76f840b65e972bc45e56c2adced897498e9a026/openscene-v1.1/openscene_sensor_trainval_lidar/openscene_sensor_trainval_lidar_26.tgz
OpenScene	v1.1	trainval	lidar	openscene-v1.1/openscene_sensor_trainval_lidar/openscene_sensor_trainval_lidar_27.tgz	5359444780	HF tree API size @ a76f840b65e972bc45e56c2adced897498e9a026	nuPlan lineage, archive SHA unverified	public	compressed object or JSON	https://huggingface.co/datasets/OpenDriveLab/OpenScene/blob/a76f840b65e972bc45e56c2adced897498e9a026/openscene-v1.1/openscene_sensor_trainval_lidar/openscene_sensor_trainval_lidar_27.tgz
OpenScene	v1.1	trainval	lidar	openscene-v1.1/openscene_sensor_trainval_lidar/openscene_sensor_trainval_lidar_28.tgz	4682108409	HF tree API size @ a76f840b65e972bc45e56c2adced897498e9a026	nuPlan lineage, archive SHA unverified	public	compressed object or JSON	https://huggingface.co/datasets/OpenDriveLab/OpenScene/blob/a76f840b65e972bc45e56c2adced897498e9a026/openscene-v1.1/openscene_sensor_trainval_lidar/openscene_sensor_trainval_lidar_28.tgz
OpenScene	v1.1	trainval	lidar	openscene-v1.1/openscene_sensor_trainval_lidar/openscene_sensor_trainval_lidar_29.tgz	4329204511	HF tree API size @ a76f840b65e972bc45e56c2adced897498e9a026	nuPlan lineage, archive SHA unverified	public	compressed object or JSON	https://huggingface.co/datasets/OpenDriveLab/OpenScene/blob/a76f840b65e972bc45e56c2adced897498e9a026/openscene-v1.1/openscene_sensor_trainval_lidar/openscene_sensor_trainval_lidar_29.tgz
OpenScene	v1.1	trainval	lidar	openscene-v1.1/openscene_sensor_trainval_lidar/openscene_sensor_trainval_lidar_3.tgz	2597333465	HF tree API size @ a76f840b65e972bc45e56c2adced897498e9a026	nuPlan lineage, archive SHA unverified	public	compressed object or JSON	https://huggingface.co/datasets/OpenDriveLab/OpenScene/blob/a76f840b65e972bc45e56c2adced897498e9a026/openscene-v1.1/openscene_sensor_trainval_lidar/openscene_sensor_trainval_lidar_3.tgz
OpenScene	v1.1	trainval	lidar	openscene-v1.1/openscene_sensor_trainval_lidar/openscene_sensor_trainval_lidar_30.tgz	4268047889	HF tree API size @ a76f840b65e972bc45e56c2adced897498e9a026	nuPlan lineage, archive SHA unverified	public	compressed object or JSON	https://huggingface.co/datasets/OpenDriveLab/OpenScene/blob/a76f840b65e972bc45e56c2adced897498e9a026/openscene-v1.1/openscene_sensor_trainval_lidar/openscene_sensor_trainval_lidar_30.tgz
OpenScene	v1.1	trainval	lidar	openscene-v1.1/openscene_sensor_trainval_lidar/openscene_sensor_trainval_lidar_31.tgz	2759226057	HF tree API size @ a76f840b65e972bc45e56c2adced897498e9a026	nuPlan lineage, archive SHA unverified	public	compressed object or JSON	https://huggingface.co/datasets/OpenDriveLab/OpenScene/blob/a76f840b65e972bc45e56c2adced897498e9a026/openscene-v1.1/openscene_sensor_trainval_lidar/openscene_sensor_trainval_lidar_31.tgz
OpenScene	v1.1	trainval	lidar	openscene-v1.1/openscene_sensor_trainval_lidar/openscene_sensor_trainval_lidar_32.tgz	3594777833	HF tree API size @ a76f840b65e972bc45e56c2adced897498e9a026	nuPlan lineage, archive SHA unverified	public	compressed object or JSON	https://huggingface.co/datasets/OpenDriveLab/OpenScene/blob/a76f840b65e972bc45e56c2adced897498e9a026/openscene-v1.1/openscene_sensor_trainval_lidar/openscene_sensor_trainval_lidar_32.tgz
OpenScene	v1.1	trainval	lidar	openscene-v1.1/openscene_sensor_trainval_lidar/openscene_sensor_trainval_lidar_33.tgz	4429438314	HF tree API size @ a76f840b65e972bc45e56c2adced897498e9a026	nuPlan lineage, archive SHA unverified	public	compressed object or JSON	https://huggingface.co/datasets/OpenDriveLab/OpenScene/blob/a76f840b65e972bc45e56c2adced897498e9a026/openscene-v1.1/openscene_sensor_trainval_lidar/openscene_sensor_trainval_lidar_33.tgz
OpenScene	v1.1	trainval	lidar	openscene-v1.1/openscene_sensor_trainval_lidar/openscene_sensor_trainval_lidar_34.tgz	2707774802	HF tree API size @ a76f840b65e972bc45e56c2adced897498e9a026	nuPlan lineage, archive SHA unverified	public	compressed object or JSON	https://huggingface.co/datasets/OpenDriveLab/OpenScene/blob/a76f840b65e972bc45e56c2adced897498e9a026/openscene-v1.1/openscene_sensor_trainval_lidar/openscene_sensor_trainval_lidar_34.tgz
OpenScene	v1.1	trainval	lidar	openscene-v1.1/openscene_sensor_trainval_lidar/openscene_sensor_trainval_lidar_35.tgz	3519112789	HF tree API size @ a76f840b65e972bc45e56c2adced897498e9a026	nuPlan lineage, archive SHA unverified	public	compressed object or JSON	https://huggingface.co/datasets/OpenDriveLab/OpenScene/blob/a76f840b65e972bc45e56c2adced897498e9a026/openscene-v1.1/openscene_sensor_trainval_lidar/openscene_sensor_trainval_lidar_35.tgz
OpenScene	v1.1	trainval	lidar	openscene-v1.1/openscene_sensor_trainval_lidar/openscene_sensor_trainval_lidar_36.tgz	5292875223	HF tree API size @ a76f840b65e972bc45e56c2adced897498e9a026	nuPlan lineage, archive SHA unverified	public	compressed object or JSON	https://huggingface.co/datasets/OpenDriveLab/OpenScene/blob/a76f840b65e972bc45e56c2adced897498e9a026/openscene-v1.1/openscene_sensor_trainval_lidar/openscene_sensor_trainval_lidar_36.tgz
OpenScene	v1.1	trainval	lidar	openscene-v1.1/openscene_sensor_trainval_lidar/openscene_sensor_trainval_lidar_37.tgz	4564785247	HF tree API size @ a76f840b65e972bc45e56c2adced897498e9a026	nuPlan lineage, archive SHA unverified	public	compressed object or JSON	https://huggingface.co/datasets/OpenDriveLab/OpenScene/blob/a76f840b65e972bc45e56c2adced897498e9a026/openscene-v1.1/openscene_sensor_trainval_lidar/openscene_sensor_trainval_lidar_37.tgz
OpenScene	v1.1	trainval	lidar	openscene-v1.1/openscene_sensor_trainval_lidar/openscene_sensor_trainval_lidar_38.tgz	6843145531	HF tree API size @ a76f840b65e972bc45e56c2adced897498e9a026	nuPlan lineage, archive SHA unverified	public	compressed object or JSON	https://huggingface.co/datasets/OpenDriveLab/OpenScene/blob/a76f840b65e972bc45e56c2adced897498e9a026/openscene-v1.1/openscene_sensor_trainval_lidar/openscene_sensor_trainval_lidar_38.tgz
OpenScene	v1.1	trainval	lidar	openscene-v1.1/openscene_sensor_trainval_lidar/openscene_sensor_trainval_lidar_39.tgz	3170800250	HF tree API size @ a76f840b65e972bc45e56c2adced897498e9a026	nuPlan lineage, archive SHA unverified	public	compressed object or JSON	https://huggingface.co/datasets/OpenDriveLab/OpenScene/blob/a76f840b65e972bc45e56c2adced897498e9a026/openscene-v1.1/openscene_sensor_trainval_lidar/openscene_sensor_trainval_lidar_39.tgz
OpenScene	v1.1	trainval	lidar	openscene-v1.1/openscene_sensor_trainval_lidar/openscene_sensor_trainval_lidar_4.tgz	5140811072	HF tree API size @ a76f840b65e972bc45e56c2adced897498e9a026	nuPlan lineage, archive SHA unverified	public	compressed object or JSON	https://huggingface.co/datasets/OpenDriveLab/OpenScene/blob/a76f840b65e972bc45e56c2adced897498e9a026/openscene-v1.1/openscene_sensor_trainval_lidar/openscene_sensor_trainval_lidar_4.tgz
OpenScene	v1.1	trainval	lidar	openscene-v1.1/openscene_sensor_trainval_lidar/openscene_sensor_trainval_lidar_40.tgz	4223688673	HF tree API size @ a76f840b65e972bc45e56c2adced897498e9a026	nuPlan lineage, archive SHA unverified	public	compressed object or JSON	https://huggingface.co/datasets/OpenDriveLab/OpenScene/blob/a76f840b65e972bc45e56c2adced897498e9a026/openscene-v1.1/openscene_sensor_trainval_lidar/openscene_sensor_trainval_lidar_40.tgz
OpenScene	v1.1	trainval	lidar	openscene-v1.1/openscene_sensor_trainval_lidar/openscene_sensor_trainval_lidar_41.tgz	2081322968	HF tree API size @ a76f840b65e972bc45e56c2adced897498e9a026	nuPlan lineage, archive SHA unverified	public	compressed object or JSON	https://huggingface.co/datasets/OpenDriveLab/OpenScene/blob/a76f840b65e972bc45e56c2adced897498e9a026/openscene-v1.1/openscene_sensor_trainval_lidar/openscene_sensor_trainval_lidar_41.tgz
OpenScene	v1.1	trainval	lidar	openscene-v1.1/openscene_sensor_trainval_lidar/openscene_sensor_trainval_lidar_42.tgz	4116793060	HF tree API size @ a76f840b65e972bc45e56c2adced897498e9a026	nuPlan lineage, archive SHA unverified	public	compressed object or JSON	https://huggingface.co/datasets/OpenDriveLab/OpenScene/blob/a76f840b65e972bc45e56c2adced897498e9a026/openscene-v1.1/openscene_sensor_trainval_lidar/openscene_sensor_trainval_lidar_42.tgz
OpenScene	v1.1	trainval	lidar	openscene-v1.1/openscene_sensor_trainval_lidar/openscene_sensor_trainval_lidar_43.tgz	2696203076	HF tree API size @ a76f840b65e972bc45e56c2adced897498e9a026	nuPlan lineage, archive SHA unverified	public	compressed object or JSON	https://huggingface.co/datasets/OpenDriveLab/OpenScene/blob/a76f840b65e972bc45e56c2adced897498e9a026/openscene-v1.1/openscene_sensor_trainval_lidar/openscene_sensor_trainval_lidar_43.tgz
OpenScene	v1.1	trainval	lidar	openscene-v1.1/openscene_sensor_trainval_lidar/openscene_sensor_trainval_lidar_44.tgz	4933644110	HF tree API size @ a76f840b65e972bc45e56c2adced897498e9a026	nuPlan lineage, archive SHA unverified	public	compressed object or JSON	https://huggingface.co/datasets/OpenDriveLab/OpenScene/blob/a76f840b65e972bc45e56c2adced897498e9a026/openscene-v1.1/openscene_sensor_trainval_lidar/openscene_sensor_trainval_lidar_44.tgz
OpenScene	v1.1	trainval	lidar	openscene-v1.1/openscene_sensor_trainval_lidar/openscene_sensor_trainval_lidar_45.tgz	3266274193	HF tree API size @ a76f840b65e972bc45e56c2adced897498e9a026	nuPlan lineage, archive SHA unverified	public	compressed object or JSON	https://huggingface.co/datasets/OpenDriveLab/OpenScene/blob/a76f840b65e972bc45e56c2adced897498e9a026/openscene-v1.1/openscene_sensor_trainval_lidar/openscene_sensor_trainval_lidar_45.tgz
OpenScene	v1.1	trainval	lidar	openscene-v1.1/openscene_sensor_trainval_lidar/openscene_sensor_trainval_lidar_46.tgz	2602924915	HF tree API size @ a76f840b65e972bc45e56c2adced897498e9a026	nuPlan lineage, archive SHA unverified	public	compressed object or JSON	https://huggingface.co/datasets/OpenDriveLab/OpenScene/blob/a76f840b65e972bc45e56c2adced897498e9a026/openscene-v1.1/openscene_sensor_trainval_lidar/openscene_sensor_trainval_lidar_46.tgz
OpenScene	v1.1	trainval	lidar	openscene-v1.1/openscene_sensor_trainval_lidar/openscene_sensor_trainval_lidar_47.tgz	2043888962	HF tree API size @ a76f840b65e972bc45e56c2adced897498e9a026	nuPlan lineage, archive SHA unverified	public	compressed object or JSON	https://huggingface.co/datasets/OpenDriveLab/OpenScene/blob/a76f840b65e972bc45e56c2adced897498e9a026/openscene-v1.1/openscene_sensor_trainval_lidar/openscene_sensor_trainval_lidar_47.tgz
OpenScene	v1.1	trainval	lidar	openscene-v1.1/openscene_sensor_trainval_lidar/openscene_sensor_trainval_lidar_48.tgz	3426369266	HF tree API size @ a76f840b65e972bc45e56c2adced897498e9a026	nuPlan lineage, archive SHA unverified	public	compressed object or JSON	https://huggingface.co/datasets/OpenDriveLab/OpenScene/blob/a76f840b65e972bc45e56c2adced897498e9a026/openscene-v1.1/openscene_sensor_trainval_lidar/openscene_sensor_trainval_lidar_48.tgz
OpenScene	v1.1	trainval	lidar	openscene-v1.1/openscene_sensor_trainval_lidar/openscene_sensor_trainval_lidar_49.tgz	6949108917	HF tree API size @ a76f840b65e972bc45e56c2adced897498e9a026	nuPlan lineage, archive SHA unverified	public	compressed object or JSON	https://huggingface.co/datasets/OpenDriveLab/OpenScene/blob/a76f840b65e972bc45e56c2adced897498e9a026/openscene-v1.1/openscene_sensor_trainval_lidar/openscene_sensor_trainval_lidar_49.tgz
OpenScene	v1.1	trainval	lidar	openscene-v1.1/openscene_sensor_trainval_lidar/openscene_sensor_trainval_lidar_5.tgz	2944587318	HF tree API size @ a76f840b65e972bc45e56c2adced897498e9a026	nuPlan lineage, archive SHA unverified	public	compressed object or JSON	https://huggingface.co/datasets/OpenDriveLab/OpenScene/blob/a76f840b65e972bc45e56c2adced897498e9a026/openscene-v1.1/openscene_sensor_trainval_lidar/openscene_sensor_trainval_lidar_5.tgz
OpenScene	v1.1	trainval	lidar	openscene-v1.1/openscene_sensor_trainval_lidar/openscene_sensor_trainval_lidar_50.tgz	8509411031	HF tree API size @ a76f840b65e972bc45e56c2adced897498e9a026	nuPlan lineage, archive SHA unverified	public	compressed object or JSON	https://huggingface.co/datasets/OpenDriveLab/OpenScene/blob/a76f840b65e972bc45e56c2adced897498e9a026/openscene-v1.1/openscene_sensor_trainval_lidar/openscene_sensor_trainval_lidar_50.tgz
OpenScene	v1.1	trainval	lidar	openscene-v1.1/openscene_sensor_trainval_lidar/openscene_sensor_trainval_lidar_51.tgz	10955419391	HF tree API size @ a76f840b65e972bc45e56c2adced897498e9a026	nuPlan lineage, archive SHA unverified	public	compressed object or JSON	https://huggingface.co/datasets/OpenDriveLab/OpenScene/blob/a76f840b65e972bc45e56c2adced897498e9a026/openscene-v1.1/openscene_sensor_trainval_lidar/openscene_sensor_trainval_lidar_51.tgz
OpenScene	v1.1	trainval	lidar	openscene-v1.1/openscene_sensor_trainval_lidar/openscene_sensor_trainval_lidar_52.tgz	5936844665	HF tree API size @ a76f840b65e972bc45e56c2adced897498e9a026	nuPlan lineage, archive SHA unverified	public	compressed object or JSON	https://huggingface.co/datasets/OpenDriveLab/OpenScene/blob/a76f840b65e972bc45e56c2adced897498e9a026/openscene-v1.1/openscene_sensor_trainval_lidar/openscene_sensor_trainval_lidar_52.tgz
OpenScene	v1.1	trainval	lidar	openscene-v1.1/openscene_sensor_trainval_lidar/openscene_sensor_trainval_lidar_53.tgz	3264189721	HF tree API size @ a76f840b65e972bc45e56c2adced897498e9a026	nuPlan lineage, archive SHA unverified	public	compressed object or JSON	https://huggingface.co/datasets/OpenDriveLab/OpenScene/blob/a76f840b65e972bc45e56c2adced897498e9a026/openscene-v1.1/openscene_sensor_trainval_lidar/openscene_sensor_trainval_lidar_53.tgz
OpenScene	v1.1	trainval	lidar	openscene-v1.1/openscene_sensor_trainval_lidar/openscene_sensor_trainval_lidar_54.tgz	4647865396	HF tree API size @ a76f840b65e972bc45e56c2adced897498e9a026	nuPlan lineage, archive SHA unverified	public	compressed object or JSON	https://huggingface.co/datasets/OpenDriveLab/OpenScene/blob/a76f840b65e972bc45e56c2adced897498e9a026/openscene-v1.1/openscene_sensor_trainval_lidar/openscene_sensor_trainval_lidar_54.tgz
OpenScene	v1.1	trainval	lidar	openscene-v1.1/openscene_sensor_trainval_lidar/openscene_sensor_trainval_lidar_55.tgz	6651208443	HF tree API size @ a76f840b65e972bc45e56c2adced897498e9a026	nuPlan lineage, archive SHA unverified	public	compressed object or JSON	https://huggingface.co/datasets/OpenDriveLab/OpenScene/blob/a76f840b65e972bc45e56c2adced897498e9a026/openscene-v1.1/openscene_sensor_trainval_lidar/openscene_sensor_trainval_lidar_55.tgz
OpenScene	v1.1	trainval	lidar	openscene-v1.1/openscene_sensor_trainval_lidar/openscene_sensor_trainval_lidar_56.tgz	5181137536	HF tree API size @ a76f840b65e972bc45e56c2adced897498e9a026	nuPlan lineage, archive SHA unverified	public	compressed object or JSON	https://huggingface.co/datasets/OpenDriveLab/OpenScene/blob/a76f840b65e972bc45e56c2adced897498e9a026/openscene-v1.1/openscene_sensor_trainval_lidar/openscene_sensor_trainval_lidar_56.tgz
OpenScene	v1.1	trainval	lidar	openscene-v1.1/openscene_sensor_trainval_lidar/openscene_sensor_trainval_lidar_57.tgz	6020846238	HF tree API size @ a76f840b65e972bc45e56c2adced897498e9a026	nuPlan lineage, archive SHA unverified	public	compressed object or JSON	https://huggingface.co/datasets/OpenDriveLab/OpenScene/blob/a76f840b65e972bc45e56c2adced897498e9a026/openscene-v1.1/openscene_sensor_trainval_lidar/openscene_sensor_trainval_lidar_57.tgz
OpenScene	v1.1	trainval	lidar	openscene-v1.1/openscene_sensor_trainval_lidar/openscene_sensor_trainval_lidar_58.tgz	1946191592	HF tree API size @ a76f840b65e972bc45e56c2adced897498e9a026	nuPlan lineage, archive SHA unverified	public	compressed object or JSON	https://huggingface.co/datasets/OpenDriveLab/OpenScene/blob/a76f840b65e972bc45e56c2adced897498e9a026/openscene-v1.1/openscene_sensor_trainval_lidar/openscene_sensor_trainval_lidar_58.tgz
OpenScene	v1.1	trainval	lidar	openscene-v1.1/openscene_sensor_trainval_lidar/openscene_sensor_trainval_lidar_59.tgz	2836680801	HF tree API size @ a76f840b65e972bc45e56c2adced897498e9a026	nuPlan lineage, archive SHA unverified	public	compressed object or JSON	https://huggingface.co/datasets/OpenDriveLab/OpenScene/blob/a76f840b65e972bc45e56c2adced897498e9a026/openscene-v1.1/openscene_sensor_trainval_lidar/openscene_sensor_trainval_lidar_59.tgz
OpenScene	v1.1	trainval	lidar	openscene-v1.1/openscene_sensor_trainval_lidar/openscene_sensor_trainval_lidar_6.tgz	2982497154	HF tree API size @ a76f840b65e972bc45e56c2adced897498e9a026	nuPlan lineage, archive SHA unverified	public	compressed object or JSON	https://huggingface.co/datasets/OpenDriveLab/OpenScene/blob/a76f840b65e972bc45e56c2adced897498e9a026/openscene-v1.1/openscene_sensor_trainval_lidar/openscene_sensor_trainval_lidar_6.tgz
OpenScene	v1.1	trainval	lidar	openscene-v1.1/openscene_sensor_trainval_lidar/openscene_sensor_trainval_lidar_60.tgz	3876318643	HF tree API size @ a76f840b65e972bc45e56c2adced897498e9a026	nuPlan lineage, archive SHA unverified	public	compressed object or JSON	https://huggingface.co/datasets/OpenDriveLab/OpenScene/blob/a76f840b65e972bc45e56c2adced897498e9a026/openscene-v1.1/openscene_sensor_trainval_lidar/openscene_sensor_trainval_lidar_60.tgz
OpenScene	v1.1	trainval	lidar	openscene-v1.1/openscene_sensor_trainval_lidar/openscene_sensor_trainval_lidar_61.tgz	3393613029	HF tree API size @ a76f840b65e972bc45e56c2adced897498e9a026	nuPlan lineage, archive SHA unverified	public	compressed object or JSON	https://huggingface.co/datasets/OpenDriveLab/OpenScene/blob/a76f840b65e972bc45e56c2adced897498e9a026/openscene-v1.1/openscene_sensor_trainval_lidar/openscene_sensor_trainval_lidar_61.tgz
OpenScene	v1.1	trainval	lidar	openscene-v1.1/openscene_sensor_trainval_lidar/openscene_sensor_trainval_lidar_62.tgz	4513347480	HF tree API size @ a76f840b65e972bc45e56c2adced897498e9a026	nuPlan lineage, archive SHA unverified	public	compressed object or JSON	https://huggingface.co/datasets/OpenDriveLab/OpenScene/blob/a76f840b65e972bc45e56c2adced897498e9a026/openscene-v1.1/openscene_sensor_trainval_lidar/openscene_sensor_trainval_lidar_62.tgz
OpenScene	v1.1	trainval	lidar	openscene-v1.1/openscene_sensor_trainval_lidar/openscene_sensor_trainval_lidar_63.tgz	3189173314	HF tree API size @ a76f840b65e972bc45e56c2adced897498e9a026	nuPlan lineage, archive SHA unverified	public	compressed object or JSON	https://huggingface.co/datasets/OpenDriveLab/OpenScene/blob/a76f840b65e972bc45e56c2adced897498e9a026/openscene-v1.1/openscene_sensor_trainval_lidar/openscene_sensor_trainval_lidar_63.tgz
OpenScene	v1.1	trainval	lidar	openscene-v1.1/openscene_sensor_trainval_lidar/openscene_sensor_trainval_lidar_64.tgz	2432860586	HF tree API size @ a76f840b65e972bc45e56c2adced897498e9a026	nuPlan lineage, archive SHA unverified	public	compressed object or JSON	https://huggingface.co/datasets/OpenDriveLab/OpenScene/blob/a76f840b65e972bc45e56c2adced897498e9a026/openscene-v1.1/openscene_sensor_trainval_lidar/openscene_sensor_trainval_lidar_64.tgz
OpenScene	v1.1	trainval	lidar	openscene-v1.1/openscene_sensor_trainval_lidar/openscene_sensor_trainval_lidar_65.tgz	3892689482	HF tree API size @ a76f840b65e972bc45e56c2adced897498e9a026	nuPlan lineage, archive SHA unverified	public	compressed object or JSON	https://huggingface.co/datasets/OpenDriveLab/OpenScene/blob/a76f840b65e972bc45e56c2adced897498e9a026/openscene-v1.1/openscene_sensor_trainval_lidar/openscene_sensor_trainval_lidar_65.tgz
OpenScene	v1.1	trainval	lidar	openscene-v1.1/openscene_sensor_trainval_lidar/openscene_sensor_trainval_lidar_66.tgz	4326081067	HF tree API size @ a76f840b65e972bc45e56c2adced897498e9a026	nuPlan lineage, archive SHA unverified	public	compressed object or JSON	https://huggingface.co/datasets/OpenDriveLab/OpenScene/blob/a76f840b65e972bc45e56c2adced897498e9a026/openscene-v1.1/openscene_sensor_trainval_lidar/openscene_sensor_trainval_lidar_66.tgz
OpenScene	v1.1	trainval	lidar	openscene-v1.1/openscene_sensor_trainval_lidar/openscene_sensor_trainval_lidar_67.tgz	6346269827	HF tree API size @ a76f840b65e972bc45e56c2adced897498e9a026	nuPlan lineage, archive SHA unverified	public	compressed object or JSON	https://huggingface.co/datasets/OpenDriveLab/OpenScene/blob/a76f840b65e972bc45e56c2adced897498e9a026/openscene-v1.1/openscene_sensor_trainval_lidar/openscene_sensor_trainval_lidar_67.tgz
OpenScene	v1.1	trainval	lidar	openscene-v1.1/openscene_sensor_trainval_lidar/openscene_sensor_trainval_lidar_68.tgz	2434936748	HF tree API size @ a76f840b65e972bc45e56c2adced897498e9a026	nuPlan lineage, archive SHA unverified	public	compressed object or JSON	https://huggingface.co/datasets/OpenDriveLab/OpenScene/blob/a76f840b65e972bc45e56c2adced897498e9a026/openscene-v1.1/openscene_sensor_trainval_lidar/openscene_sensor_trainval_lidar_68.tgz
OpenScene	v1.1	trainval	lidar	openscene-v1.1/openscene_sensor_trainval_lidar/openscene_sensor_trainval_lidar_69.tgz	9572791883	HF tree API size @ a76f840b65e972bc45e56c2adced897498e9a026	nuPlan lineage, archive SHA unverified	public	compressed object or JSON	https://huggingface.co/datasets/OpenDriveLab/OpenScene/blob/a76f840b65e972bc45e56c2adced897498e9a026/openscene-v1.1/openscene_sensor_trainval_lidar/openscene_sensor_trainval_lidar_69.tgz
OpenScene	v1.1	trainval	lidar	openscene-v1.1/openscene_sensor_trainval_lidar/openscene_sensor_trainval_lidar_7.tgz	2855174781	HF tree API size @ a76f840b65e972bc45e56c2adced897498e9a026	nuPlan lineage, archive SHA unverified	public	compressed object or JSON	https://huggingface.co/datasets/OpenDriveLab/OpenScene/blob/a76f840b65e972bc45e56c2adced897498e9a026/openscene-v1.1/openscene_sensor_trainval_lidar/openscene_sensor_trainval_lidar_7.tgz
OpenScene	v1.1	trainval	lidar	openscene-v1.1/openscene_sensor_trainval_lidar/openscene_sensor_trainval_lidar_70.tgz	2323067410	HF tree API size @ a76f840b65e972bc45e56c2adced897498e9a026	nuPlan lineage, archive SHA unverified	public	compressed object or JSON	https://huggingface.co/datasets/OpenDriveLab/OpenScene/blob/a76f840b65e972bc45e56c2adced897498e9a026/openscene-v1.1/openscene_sensor_trainval_lidar/openscene_sensor_trainval_lidar_70.tgz
OpenScene	v1.1	trainval	lidar	openscene-v1.1/openscene_sensor_trainval_lidar/openscene_sensor_trainval_lidar_71.tgz	3802422166	HF tree API size @ a76f840b65e972bc45e56c2adced897498e9a026	nuPlan lineage, archive SHA unverified	public	compressed object or JSON	https://huggingface.co/datasets/OpenDriveLab/OpenScene/blob/a76f840b65e972bc45e56c2adced897498e9a026/openscene-v1.1/openscene_sensor_trainval_lidar/openscene_sensor_trainval_lidar_71.tgz
OpenScene	v1.1	trainval	lidar	openscene-v1.1/openscene_sensor_trainval_lidar/openscene_sensor_trainval_lidar_72.tgz	7938872384	HF tree API size @ a76f840b65e972bc45e56c2adced897498e9a026	nuPlan lineage, archive SHA unverified	public	compressed object or JSON	https://huggingface.co/datasets/OpenDriveLab/OpenScene/blob/a76f840b65e972bc45e56c2adced897498e9a026/openscene-v1.1/openscene_sensor_trainval_lidar/openscene_sensor_trainval_lidar_72.tgz
OpenScene	v1.1	trainval	lidar	openscene-v1.1/openscene_sensor_trainval_lidar/openscene_sensor_trainval_lidar_73.tgz	3500247371	HF tree API size @ a76f840b65e972bc45e56c2adced897498e9a026	nuPlan lineage, archive SHA unverified	public	compressed object or JSON	https://huggingface.co/datasets/OpenDriveLab/OpenScene/blob/a76f840b65e972bc45e56c2adced897498e9a026/openscene-v1.1/openscene_sensor_trainval_lidar/openscene_sensor_trainval_lidar_73.tgz
OpenScene	v1.1	trainval	lidar	openscene-v1.1/openscene_sensor_trainval_lidar/openscene_sensor_trainval_lidar_74.tgz	4294534978	HF tree API size @ a76f840b65e972bc45e56c2adced897498e9a026	nuPlan lineage, archive SHA unverified	public	compressed object or JSON	https://huggingface.co/datasets/OpenDriveLab/OpenScene/blob/a76f840b65e972bc45e56c2adced897498e9a026/openscene-v1.1/openscene_sensor_trainval_lidar/openscene_sensor_trainval_lidar_74.tgz
OpenScene	v1.1	trainval	lidar	openscene-v1.1/openscene_sensor_trainval_lidar/openscene_sensor_trainval_lidar_75.tgz	3219475240	HF tree API size @ a76f840b65e972bc45e56c2adced897498e9a026	nuPlan lineage, archive SHA unverified	public	compressed object or JSON	https://huggingface.co/datasets/OpenDriveLab/OpenScene/blob/a76f840b65e972bc45e56c2adced897498e9a026/openscene-v1.1/openscene_sensor_trainval_lidar/openscene_sensor_trainval_lidar_75.tgz
OpenScene	v1.1	trainval	lidar	openscene-v1.1/openscene_sensor_trainval_lidar/openscene_sensor_trainval_lidar_76.tgz	2587508165	HF tree API size @ a76f840b65e972bc45e56c2adced897498e9a026	nuPlan lineage, archive SHA unverified	public	compressed object or JSON	https://huggingface.co/datasets/OpenDriveLab/OpenScene/blob/a76f840b65e972bc45e56c2adced897498e9a026/openscene-v1.1/openscene_sensor_trainval_lidar/openscene_sensor_trainval_lidar_76.tgz
OpenScene	v1.1	trainval	lidar	openscene-v1.1/openscene_sensor_trainval_lidar/openscene_sensor_trainval_lidar_77.tgz	3177804534	HF tree API size @ a76f840b65e972bc45e56c2adced897498e9a026	nuPlan lineage, archive SHA unverified	public	compressed object or JSON	https://huggingface.co/datasets/OpenDriveLab/OpenScene/blob/a76f840b65e972bc45e56c2adced897498e9a026/openscene-v1.1/openscene_sensor_trainval_lidar/openscene_sensor_trainval_lidar_77.tgz
OpenScene	v1.1	trainval	lidar	openscene-v1.1/openscene_sensor_trainval_lidar/openscene_sensor_trainval_lidar_78.tgz	4860418154	HF tree API size @ a76f840b65e972bc45e56c2adced897498e9a026	nuPlan lineage, archive SHA unverified	public	compressed object or JSON	https://huggingface.co/datasets/OpenDriveLab/OpenScene/blob/a76f840b65e972bc45e56c2adced897498e9a026/openscene-v1.1/openscene_sensor_trainval_lidar/openscene_sensor_trainval_lidar_78.tgz
OpenScene	v1.1	trainval	lidar	openscene-v1.1/openscene_sensor_trainval_lidar/openscene_sensor_trainval_lidar_79.tgz	5361680652	HF tree API size @ a76f840b65e972bc45e56c2adced897498e9a026	nuPlan lineage, archive SHA unverified	public	compressed object or JSON	https://huggingface.co/datasets/OpenDriveLab/OpenScene/blob/a76f840b65e972bc45e56c2adced897498e9a026/openscene-v1.1/openscene_sensor_trainval_lidar/openscene_sensor_trainval_lidar_79.tgz
OpenScene	v1.1	trainval	lidar	openscene-v1.1/openscene_sensor_trainval_lidar/openscene_sensor_trainval_lidar_8.tgz	8901000107	HF tree API size @ a76f840b65e972bc45e56c2adced897498e9a026	nuPlan lineage, archive SHA unverified	public	compressed object or JSON	https://huggingface.co/datasets/OpenDriveLab/OpenScene/blob/a76f840b65e972bc45e56c2adced897498e9a026/openscene-v1.1/openscene_sensor_trainval_lidar/openscene_sensor_trainval_lidar_8.tgz
OpenScene	v1.1	trainval	lidar	openscene-v1.1/openscene_sensor_trainval_lidar/openscene_sensor_trainval_lidar_80.tgz	4875544692	HF tree API size @ a76f840b65e972bc45e56c2adced897498e9a026	nuPlan lineage, archive SHA unverified	public	compressed object or JSON	https://huggingface.co/datasets/OpenDriveLab/OpenScene/blob/a76f840b65e972bc45e56c2adced897498e9a026/openscene-v1.1/openscene_sensor_trainval_lidar/openscene_sensor_trainval_lidar_80.tgz
OpenScene	v1.1	trainval	lidar	openscene-v1.1/openscene_sensor_trainval_lidar/openscene_sensor_trainval_lidar_81.tgz	2755064406	HF tree API size @ a76f840b65e972bc45e56c2adced897498e9a026	nuPlan lineage, archive SHA unverified	public	compressed object or JSON	https://huggingface.co/datasets/OpenDriveLab/OpenScene/blob/a76f840b65e972bc45e56c2adced897498e9a026/openscene-v1.1/openscene_sensor_trainval_lidar/openscene_sensor_trainval_lidar_81.tgz
OpenScene	v1.1	trainval	lidar	openscene-v1.1/openscene_sensor_trainval_lidar/openscene_sensor_trainval_lidar_82.tgz	2413136377	HF tree API size @ a76f840b65e972bc45e56c2adced897498e9a026	nuPlan lineage, archive SHA unverified	public	compressed object or JSON	https://huggingface.co/datasets/OpenDriveLab/OpenScene/blob/a76f840b65e972bc45e56c2adced897498e9a026/openscene-v1.1/openscene_sensor_trainval_lidar/openscene_sensor_trainval_lidar_82.tgz
OpenScene	v1.1	trainval	lidar	openscene-v1.1/openscene_sensor_trainval_lidar/openscene_sensor_trainval_lidar_83.tgz	5617058078	HF tree API size @ a76f840b65e972bc45e56c2adced897498e9a026	nuPlan lineage, archive SHA unverified	public	compressed object or JSON	https://huggingface.co/datasets/OpenDriveLab/OpenScene/blob/a76f840b65e972bc45e56c2adced897498e9a026/openscene-v1.1/openscene_sensor_trainval_lidar/openscene_sensor_trainval_lidar_83.tgz
OpenScene	v1.1	trainval	lidar	openscene-v1.1/openscene_sensor_trainval_lidar/openscene_sensor_trainval_lidar_84.tgz	5788694170	HF tree API size @ a76f840b65e972bc45e56c2adced897498e9a026	nuPlan lineage, archive SHA unverified	public	compressed object or JSON	https://huggingface.co/datasets/OpenDriveLab/OpenScene/blob/a76f840b65e972bc45e56c2adced897498e9a026/openscene-v1.1/openscene_sensor_trainval_lidar/openscene_sensor_trainval_lidar_84.tgz
OpenScene	v1.1	trainval	lidar	openscene-v1.1/openscene_sensor_trainval_lidar/openscene_sensor_trainval_lidar_85.tgz	4691139226	HF tree API size @ a76f840b65e972bc45e56c2adced897498e9a026	nuPlan lineage, archive SHA unverified	public	compressed object or JSON	https://huggingface.co/datasets/OpenDriveLab/OpenScene/blob/a76f840b65e972bc45e56c2adced897498e9a026/openscene-v1.1/openscene_sensor_trainval_lidar/openscene_sensor_trainval_lidar_85.tgz
OpenScene	v1.1	trainval	lidar	openscene-v1.1/openscene_sensor_trainval_lidar/openscene_sensor_trainval_lidar_86.tgz	2677208589	HF tree API size @ a76f840b65e972bc45e56c2adced897498e9a026	nuPlan lineage, archive SHA unverified	public	compressed object or JSON	https://huggingface.co/datasets/OpenDriveLab/OpenScene/blob/a76f840b65e972bc45e56c2adced897498e9a026/openscene-v1.1/openscene_sensor_trainval_lidar/openscene_sensor_trainval_lidar_86.tgz
OpenScene	v1.1	trainval	lidar	openscene-v1.1/openscene_sensor_trainval_lidar/openscene_sensor_trainval_lidar_87.tgz	3348633941	HF tree API size @ a76f840b65e972bc45e56c2adced897498e9a026	nuPlan lineage, archive SHA unverified	public	compressed object or JSON	https://huggingface.co/datasets/OpenDriveLab/OpenScene/blob/a76f840b65e972bc45e56c2adced897498e9a026/openscene-v1.1/openscene_sensor_trainval_lidar/openscene_sensor_trainval_lidar_87.tgz
OpenScene	v1.1	trainval	lidar	openscene-v1.1/openscene_sensor_trainval_lidar/openscene_sensor_trainval_lidar_88.tgz	2575580441	HF tree API size @ a76f840b65e972bc45e56c2adced897498e9a026	nuPlan lineage, archive SHA unverified	public	compressed object or JSON	https://huggingface.co/datasets/OpenDriveLab/OpenScene/blob/a76f840b65e972bc45e56c2adced897498e9a026/openscene-v1.1/openscene_sensor_trainval_lidar/openscene_sensor_trainval_lidar_88.tgz
OpenScene	v1.1	trainval	lidar	openscene-v1.1/openscene_sensor_trainval_lidar/openscene_sensor_trainval_lidar_89.tgz	3891598122	HF tree API size @ a76f840b65e972bc45e56c2adced897498e9a026	nuPlan lineage, archive SHA unverified	public	compressed object or JSON	https://huggingface.co/datasets/OpenDriveLab/OpenScene/blob/a76f840b65e972bc45e56c2adced897498e9a026/openscene-v1.1/openscene_sensor_trainval_lidar/openscene_sensor_trainval_lidar_89.tgz
OpenScene	v1.1	trainval	lidar	openscene-v1.1/openscene_sensor_trainval_lidar/openscene_sensor_trainval_lidar_9.tgz	3530027417	HF tree API size @ a76f840b65e972bc45e56c2adced897498e9a026	nuPlan lineage, archive SHA unverified	public	compressed object or JSON	https://huggingface.co/datasets/OpenDriveLab/OpenScene/blob/a76f840b65e972bc45e56c2adced897498e9a026/openscene-v1.1/openscene_sensor_trainval_lidar/openscene_sensor_trainval_lidar_9.tgz
OpenScene	v1.1	trainval	lidar	openscene-v1.1/openscene_sensor_trainval_lidar/openscene_sensor_trainval_lidar_90.tgz	7721748675	HF tree API size @ a76f840b65e972bc45e56c2adced897498e9a026	nuPlan lineage, archive SHA unverified	public	compressed object or JSON	https://huggingface.co/datasets/OpenDriveLab/OpenScene/blob/a76f840b65e972bc45e56c2adced897498e9a026/openscene-v1.1/openscene_sensor_trainval_lidar/openscene_sensor_trainval_lidar_90.tgz
OpenScene	v1.1	trainval	lidar	openscene-v1.1/openscene_sensor_trainval_lidar/openscene_sensor_trainval_lidar_91.tgz	3393630957	HF tree API size @ a76f840b65e972bc45e56c2adced897498e9a026	nuPlan lineage, archive SHA unverified	public	compressed object or JSON	https://huggingface.co/datasets/OpenDriveLab/OpenScene/blob/a76f840b65e972bc45e56c2adced897498e9a026/openscene-v1.1/openscene_sensor_trainval_lidar/openscene_sensor_trainval_lidar_91.tgz
OpenScene	v1.1	trainval	lidar	openscene-v1.1/openscene_sensor_trainval_lidar/openscene_sensor_trainval_lidar_92.tgz	3983034319	HF tree API size @ a76f840b65e972bc45e56c2adced897498e9a026	nuPlan lineage, archive SHA unverified	public	compressed object or JSON	https://huggingface.co/datasets/OpenDriveLab/OpenScene/blob/a76f840b65e972bc45e56c2adced897498e9a026/openscene-v1.1/openscene_sensor_trainval_lidar/openscene_sensor_trainval_lidar_92.tgz
OpenScene	v1.1	trainval	lidar	openscene-v1.1/openscene_sensor_trainval_lidar/openscene_sensor_trainval_lidar_93.tgz	4746883266	HF tree API size @ a76f840b65e972bc45e56c2adced897498e9a026	nuPlan lineage, archive SHA unverified	public	compressed object or JSON	https://huggingface.co/datasets/OpenDriveLab/OpenScene/blob/a76f840b65e972bc45e56c2adced897498e9a026/openscene-v1.1/openscene_sensor_trainval_lidar/openscene_sensor_trainval_lidar_93.tgz
OpenScene	v1.1	trainval	lidar	openscene-v1.1/openscene_sensor_trainval_lidar/openscene_sensor_trainval_lidar_94.tgz	6719691782	HF tree API size @ a76f840b65e972bc45e56c2adced897498e9a026	nuPlan lineage, archive SHA unverified	public	compressed object or JSON	https://huggingface.co/datasets/OpenDriveLab/OpenScene/blob/a76f840b65e972bc45e56c2adced897498e9a026/openscene-v1.1/openscene_sensor_trainval_lidar/openscene_sensor_trainval_lidar_94.tgz
OpenScene	v1.1	trainval	lidar	openscene-v1.1/openscene_sensor_trainval_lidar/openscene_sensor_trainval_lidar_95.tgz	2939247439	HF tree API size @ a76f840b65e972bc45e56c2adced897498e9a026	nuPlan lineage, archive SHA unverified	public	compressed object or JSON	https://huggingface.co/datasets/OpenDriveLab/OpenScene/blob/a76f840b65e972bc45e56c2adced897498e9a026/openscene-v1.1/openscene_sensor_trainval_lidar/openscene_sensor_trainval_lidar_95.tgz
OpenScene	v1.1	trainval	lidar	openscene-v1.1/openscene_sensor_trainval_lidar/openscene_sensor_trainval_lidar_96.tgz	3986390712	HF tree API size @ a76f840b65e972bc45e56c2adced897498e9a026	nuPlan lineage, archive SHA unverified	public	compressed object or JSON	https://huggingface.co/datasets/OpenDriveLab/OpenScene/blob/a76f840b65e972bc45e56c2adced897498e9a026/openscene-v1.1/openscene_sensor_trainval_lidar/openscene_sensor_trainval_lidar_96.tgz
OpenScene	v1.1	trainval	lidar	openscene-v1.1/openscene_sensor_trainval_lidar/openscene_sensor_trainval_lidar_97.tgz	6212226482	HF tree API size @ a76f840b65e972bc45e56c2adced897498e9a026	nuPlan lineage, archive SHA unverified	public	compressed object or JSON	https://huggingface.co/datasets/OpenDriveLab/OpenScene/blob/a76f840b65e972bc45e56c2adced897498e9a026/openscene-v1.1/openscene_sensor_trainval_lidar/openscene_sensor_trainval_lidar_97.tgz
OpenScene	v1.1	trainval	lidar	openscene-v1.1/openscene_sensor_trainval_lidar/openscene_sensor_trainval_lidar_98.tgz	3093806911	HF tree API size @ a76f840b65e972bc45e56c2adced897498e9a026	nuPlan lineage, archive SHA unverified	public	compressed object or JSON	https://huggingface.co/datasets/OpenDriveLab/OpenScene/blob/a76f840b65e972bc45e56c2adced897498e9a026/openscene-v1.1/openscene_sensor_trainval_lidar/openscene_sensor_trainval_lidar_98.tgz
OpenScene	v1.1	trainval	lidar	openscene-v1.1/openscene_sensor_trainval_lidar/openscene_sensor_trainval_lidar_99.tgz	3475787052	HF tree API size @ a76f840b65e972bc45e56c2adced897498e9a026	nuPlan lineage, archive SHA unverified	public	compressed object or JSON	https://huggingface.co/datasets/OpenDriveLab/OpenScene/blob/a76f840b65e972bc45e56c2adced897498e9a026/openscene-v1.1/openscene_sensor_trainval_lidar/openscene_sensor_trainval_lidar_99.tgz
